ID1,HHID,QHCLUSTER,QHNUMBER,QHHOME,PS104_1A,PS104_1M,PS104_1S,PS5,HVIDX
2024,      325909101,3259,91,1,3,5,2,1,1
2024,      326101001,3261,10,1,10,0,2,1,1
2024,      326706901,3267,69,1,0,4,2,1,3
2024,      326902001,3269,20,1,11,5,2,1,2
2024,      326904101,3269,41,1,3,3,2,1,2
2024,      327004301,3270,43,1,8,2,2,1,1
2024,      328712401,3287,124,1,1,3,1,1,1
2024,      328712401,3287,124,1,6,3,2,2,2
2024,      329103901,3291,39,1,1,0,2,1,2
2024,      329911401,3299,114,1,15,0,2,1,2
2024,      329914401,3299,144,1,0,4,2,1,1
2024,      330002201,3300,22,1,3,5,2,1,1
2024,      330002701,3300,27,1,3,0,2,1,2
2024,      330004901,3300,49,1,2,0,2,1,2
2024,      330010401,3300,104,1,1,5,2,1,1
2024,      330107801,3301,78,1,2,3,2,1,2
2024,      330316601,3303,166,1,5,0,2,1,5
2024,      330316701,3303,167,1,0,5,2,1,2
2024,      330317301,3303,173,1,6,0,2,1,1
2024,      330404201,3304,42,1,0,5,2,1,1
2024,      330409601,3304,96,1,2,0,2,1,2
2024,      330603801,3306,38,1,6,98,2,1,2
2024,      330603901,3306,39,1,7,0,2,1,2
2024,      330605001,3306,50,1,3,3,2,1,2
2024,      330605701,3306,57,1,10,98,2,1,1
2024,      330901501,3309,15,1,0,3,2,1,2
2024,      333011601,3330,116,1,1,4,2,1,4
2024,      333108201,3331,82,1,1,2,1,1,1
2024,      333108201,3331,82,1,1,2,2,2,2
2024,      333108401,3331,84,1,19,2,1,1,1
2024,      333108401,3331,84,1,19,2,2,2,2
2024,      333108501,3331,85,1,4,3,1,1,1
2024,      333108501,3331,85,1,0,3,2,2,2
2024,      333108601,3331,86,1,19,2,1,1,1
2024,      333108601,3331,86,1,19,2,2,2,2
2024,      334102401,3341,24,1,1,0,2,1,2
2024,      334300301,3343,3,1,2,5,2,1,1
2024,      334304001,3343,40,1,1,4,2,1,2
2024,      334304601,3343,46,1,3,0,2,1,2
2024,      334306601,3343,66,1,2,0,2,1,2
2024,      334308601,3343,86,1,2,0,2,1,2
2024,      334500101,3345,1,1,8,0,2,1,1
2024,      334500601,3345,6,1,15,0,2,1,2
2024,      334500701,3345,7,1,10,0,2,1,2
2024,      334501801,3345,18,1,2,0,2,1,2
2024,      334502101,3345,21,1,1,0,2,1,1
2024,      334503101,3345,31,1,2,0,2,1,2
2024,      334503301,3345,33,1,1,0,2,1,1
2024,      334504401,3345,44,1,2,0,2,1,2
2024,      334505801,3345,58,1,10,0,2,1,1
2024,      334506101,3345,61,1,5,0,2,1,1
2024,      334507601,3345,76,1,8,0,2,1,2
2024,      334509201,3345,92,1,98,0,2,1,2
2024,      334711301,3347,113,1,1,0,2,1,2
2024,      334711501,3347,115,1,1,0,2,1,2
2024,      334711701,3347,117,1,0,1,2,1,2
2024,      334902301,3349,23,1,1,4,2,1,2
2024,      334903701,3349,37,1,4,0,2,1,2
2024,      334904501,3349,45,1,18,0,2,1,2
2024,      334904601,3349,46,1,1,0,2,1,2
2024,      334904701,3349,47,1,10,0,2,1,1
2024,      334904901,3349,49,1,3,0,2,1,2
2024,      334905001,3349,50,1,2,0,2,1,2
2024,      334905801,3349,58,1,2,0,2,1,2
2024,      335100701,3351,7,1,98,0,2,1,1
2024,      335101201,3351,12,1,3,5,2,1,1
2024,      335101301,3351,13,1,2,0,2,1,1
2024,      335104301,3351,43,1,4,0,2,1,2
2024,      335208901,3352,89,1,98,98,2,1,2
2024,      335209001,3352,90,1,5,0,2,1,2
2024,      335300801,3353,8,1,1,0,2,1,2
2024,      335301601,3353,16,1,2,2,2,1,2
2024,      335302301,3353,23,1,1,0,2,1,2
2024,      335302601,3353,26,1,1,0,2,1,1
2024,      335303401,3353,34,1,3,0,2,1,1
2024,      335304201,3353,42,1,4,2,2,1,2
2024,      335305401,3353,54,1,2,0,2,1,1
2024,      335305901,3353,59,1,2,2,2,1,1
2024,      335306101,3353,61,1,1,0,2,1,2
2024,      336200201,3362,2,1,1,4,2,1,1
2024,      336200401,3362,4,1,1,0,2,1,1
2024,      336200501,3362,5,1,2,0,1,1,2
2024,      336200501,3362,5,1,0,4,2,2,5
2024,      336500201,3365,2,1,5,0,2,1,1
2024,      336507701,3365,77,1,5,0,2,1,2
2024,      336600801,3366,8,1,2,0,2,1,2
2024,      337104001,3371,40,1,4,0,2,1,2
2024,      337404401,3374,44,1,19,1,2,1,2
2024,      337407701,3374,77,1,4,0,1,1,1
2024,      337407701,3374,77,1,4,0,1,2,2
2024,      337407701,3374,77,1,4,0,1,3,3
2024,      337407701,3374,77,1,0,3,2,4,4
2024,      339306801,3393,68,1,1,6,2,1,1
2024,      340109901,3401,99,1,0,3,2,1,2
2024,      341302901,3413,29,1,4,0,2,1,1
2024,      341507901,3415,79,1,2,0,2,1,1
2024,      341801101,3418,11,1,4,5,2,1,1
2024,      341806201,3418,62,1,2,2,2,1,2
2024,      341904101,3419,41,1,5,0,2,1,2
2024,      342001301,3420,13,1,19,0,2,1,2
2024,      342001601,3420,16,1,2,0,2,1,2
2024,      342001801,3420,18,1,10,0,2,1,2
2024,      342001901,3420,19,1,2,0,2,1,2
2024,      342004001,3420,40,1,7,0,2,1,3
2024,      342004301,3420,43,1,19,11,2,1,1
2024,      342004401,3420,44,1,17,0,2,1,2
2024,      342004501,3420,45,1,5,0,2,1,1
2024,      342004901,3420,49,1,5,0,2,1,2
2024,      342005101,3420,51,1,2,0,2,1,1
2024,      342101201,3421,12,1,2,0,2,1,1
2024,      342101501,3421,15,1,19,0,2,1,1
2024,      342201801,3422,18,1,0,2,2,1,1
2024,      342212401,3422,124,1,1,0,1,1,2
2024,      342212401,3422,124,1,1,0,1,2,3
2024,      342212401,3422,124,1,1,0,2,3,5
2024,      342301201,3423,12,1,10,2,2,1,2
2024,      342301301,3423,13,1,19,0,2,1,2
2024,      342301401,3423,14,1,13,2,2,1,2
2024,      342303601,3423,36,1,1,0,2,1,4
2024,      342303701,3423,37,1,1,2,2,1,1
2024,      342303801,3423,38,1,19,11,2,1,2
2024,      342402701,3424,27,1,10,0,2,1,1
2024,      342502901,3425,29,1,1,0,2,1,1
2024,      342511201,3425,112,1,2,2,2,1,1
2024,      342519001,3425,190,1,3,0,2,1,2
2024,      342519201,3425,192,1,0,2,2,1,2
2024,      342519301,3425,193,1,0,2,2,1,2
2024,      342602501,3426,25,1,1,0,2,1,1
2024,      342603501,3426,35,1,3,3,2,1,2
2024,      342604201,3426,42,1,1,3,2,1,1
2024,      342605701,3426,57,1,1,3,2,1,1
2024,      342605801,3426,58,1,2,0,2,1,2
2024,      342606301,3426,63,1,8,3,2,1,1
2024,      342701601,3427,16,1,0,4,2,1,2
2024,      342701701,3427,17,1,3,4,2,1,1
2024,      342705701,3427,57,1,19,11,2,1,2
2024,      342705801,3427,58,1,13,5,2,1,2
2024,      342706001,3427,60,1,19,5,2,1,2
2024,      342706701,3427,67,1,0,4,2,1,1
2024,      343203001,3432,30,1,1,0,2,1,2
2024,      343204501,3432,45,1,1,0,2,1,1
2024,      343704201,3437,42,1,2,0,2,1,2
2024,      344106601,3441,66,1,0,3,2,1,1
2024,      346800701,3468,7,1,98,5,2,1,1
2024,      346801001,3468,10,1,6,0,2,1,2
2024,      346803501,3468,35,1,19,0,2,1,2
2024,      347602601,3476,26,1,3,0,2,1,2
2024,      348205601,3482,56,1,1,0,2,1,2
2024,      349805701,3498,57,1,2,0,2,1,1
2024,      350204301,3502,43,1,0,5,2,1,2
2024,      350502201,3505,22,1,0,9,1,1,1
2024,      350502201,3505,22,1,0,9,1,2,2
2024,      350502201,3505,22,1,0,9,1,3,3
2024,      350502201,3505,22,1,0,9,2,4,4
2024,      350505901,3505,59,1,0,6,1,1,1
2024,      350505901,3505,59,1,0,6,1,2,2
2024,      350505901,3505,59,1,0,6,2,3,3
2024,      350606301,3506,63,1,10,0,2,1,2
2024,      350606801,3506,68,1,10,0,2,1,2
2024,      350607201,3506,72,1,10,0,2,1,1
2024,      350712201,3507,122,1,0,8,2,1,2
2024,      350712301,3507,123,1,3,0,2,1,2
2024,      350804401,3508,44,1,2,0,1,1,1
2024,      350804401,3508,44,1,2,0,1,2,2
2024,      350804401,3508,44,1,1,0,1,3,3
2024,      350804401,3508,44,1,1,0,2,4,4
2024,      350807401,3508,74,1,8,0,1,1,1
2024,      350807401,3508,74,1,8,0,1,2,2
2024,      350807401,3508,74,1,8,0,1,3,3
2024,      350807401,3508,74,1,8,0,1,4,4
2024,      350807401,3508,74,1,1,0,2,5,5
2024,      350907101,3509,71,1,0,3,1,1,2
2024,      350907101,3509,71,1,0,3,2,2,3
2024,      351005601,3510,56,1,2,0,1,1,1
2024,      351005601,3510,56,1,2,0,2,2,2
2024,      351113101,3511,131,1,2,0,2,1,2
2024,      352915001,3529,150,1,3,0,1,1,1
2024,      352915001,3529,150,1,3,0,1,2,2
2024,      352915001,3529,150,1,3,0,1,3,3
2024,      352915001,3529,150,1,3,0,2,4,4
2024,      353505801,3535,58,1,1,2,2,1,2
2024,      354305401,3543,54,1,1,2,2,1,2
2024,      355012401,3550,124,1,1,2,2,1,6
2024,      355309401,3553,94,1,7,1,2,1,2
2024,      356614601,3566,146,1,5,2,2,1,2
2024,      356802901,3568,29,1,0,4,2,1,2
2024,      357203701,3572,37,1,4,2,2,1,1
2024,      357208301,3572,83,1,9,2,2,1,5
2024,      357607401,3576,74,1,3,3,2,1,1
2024,      358104701,3581,47,1,3,0,2,1,1
2024,      358106001,3581,60,1,1,4,2,1,2
2024,      358308202,3583,82,2,2,98,1,1,1
2024,      358308202,3583,82,2,2,98,1,2,2
2024,      358308202,3583,82,2,2,98,1,3,3
2024,      358308202,3583,82,2,2,98,2,4,4
2024,      358308203,3583,82,3,1,98,2,1,3
2024,      360007201,3600,72,1,1,6,2,1,1
2024,      360119001,3601,190,1,3,2,2,1,2
2024,      360215001,3602,150,1,19,5,2,1,2
2024,      360215003,3602,150,3,2,5,2,1,2
2024,      364001402,3640,14,2,0,4,2,1,1
2024,      364500701,3645,7,1,2,2,2,1,1
2024,      365501901,3655,19,1,10,1,2,1,2
2024,      365806801,3658,68,1,3,4,2,1,2
2024,      366304301,3663,43,1,3,4,2,1,2
2024,      366304401,3663,44,1,3,4,2,1,1
2024,      366304501,3663,45,1,2,4,2,1,2
2024,      366304701,3663,47,1,1,4,2,1,2
2024,      366401101,3664,11,1,19,0,2,1,1
2024,      367401501,3674,15,1,2,5,2,1,1
2024,      368102601,3681,26,1,3,0,2,1,1
2024,      368204501,3682,45,1,5,0,2,1,2
2024,      369804901,3698,49,1,3,0,2,1,2
2024,      370000301,3700,3,1,0,4,2,1,1
2024,      370003101,3700,31,1,0,2,2,1,2
2024,      370003401,3700,34,1,0,4,2,1,1
2024,      370101001,3701,10,1,0,1,2,1,2
2024,      370103801,3701,38,1,1,2,2,1,2
2024,      370106701,3701,67,1,0,1,2,1,2
2024,      370109501,3701,95,1,10,3,2,1,2
2024,      372901001,3729,10,1,0,3,2,1,2
2024,      372904101,3729,41,1,0,1,2,1,2
2024,      373202601,3732,26,1,8,0,2,1,2
2024,      374111401,3741,114,1,1,0,2,1,1
2024,      376217601,3762,176,1,3,0,1,1,1
2024,      376217601,3762,176,1,0,5,1,2,2
2024,      376217601,3762,176,1,0,4,2,3,3
2024,      377005701,3770,57,1,2,1,2,1,1
2024,      377402101,3774,21,1,0,3,2,1,1
2024,      377416201,3774,162,1,10,0,2,1,2
2024,      377903201,3779,32,1,19,0,1,1,1
2024,      377903201,3779,32,1,11,0,1,2,2
2024,      377903201,3779,32,1,19,0,1,3,3
2024,      377903201,3779,32,1,15,0,1,4,5
2024,      377903201,3779,32,1,1,0,2,5,6
2024,      379101901,3791,19,1,3,98,2,1,4
2024,      379902001,3799,20,1,5,8,2,1,2
2024,      380601201,3806,12,1,3,11,2,1,2
2024,      380807201,3808,72,1,0,3,2,1,2
2024,      381303201,3813,32,1,0,4,2,1,2
2024,      381303401,3813,34,1,1,10,2,1,2
2024,      381406901,3814,69,1,0,3,2,1,2
2024,      381407001,3814,70,1,9,6,2,1,2
2024,      383408701,3834,87,1,0,3,2,1,8
2024,      383802801,3838,28,1,1,8,2,1,2
2024,      384510201,3845,102,1,10,6,2,1,2
2024,      384600601,3846,6,1,5,0,2,1,2
2024,      384604101,3846,41,1,2,3,2,1,1
2024,      384604201,3846,42,1,5,4,2,1,2
2024,      384604401,3846,44,1,4,11,2,1,1
2024,      384700401,3847,4,1,0,1,2,1,1
2024,      384700501,3847,5,1,5,0,2,1,2
2024,      384704001,3847,40,1,0,3,2,1,2
2024,      384704201,3847,42,1,1,9,2,1,2
2024,      384707801,3847,78,1,10,6,2,1,2
2024,      384707901,3847,79,1,3,0,2,1,1
2024,      384804901,3848,49,1,2,0,2,1,2
2024,      384813001,3848,130,1,4,9,2,1,1
2024,      385006401,3850,64,1,0,3,2,1,1
2024,      385100101,3851,1,1,3,0,2,1,2
2024,      385100301,3851,3,1,2,0,2,1,1
2024,      385202201,3852,22,1,2,0,2,1,1
2024,      385303101,3853,31,1,0,11,2,1,2
2024,      385303301,3853,33,1,7,11,2,1,1
2024,      385303501,3853,35,1,2,0,2,1,1
2024,      386603701,3866,37,1,3,6,2,1,2
2024,      387103301,3871,33,1,2,0,2,1,1
2024,      387300801,3873,8,1,2,8,2,1,2
2024,      388004001,3880,40,1,5,9,2,1,2
2024,      388008701,3880,87,1,3,9,2,1,1
2024,      388405101,3884,51,1,0,11,2,1,2
2024,      388501301,3885,13,1,1,11,2,1,2
2024,      388502601,3885,26,1,1,7,2,1,2
2024,      388502901,3885,29,1,0,8,2,1,1
2024,      388601501,3886,15,1,0,9,2,1,1
2024,      388603601,3886,36,1,4,11,2,1,5
2024,      388700201,3887,2,1,4,6,2,1,2
2024,      388700301,3887,3,1,4,0,2,1,2
2024,      388700501,3887,5,1,2,0,2,1,2
2024,      388904201,3889,42,1,0,2,2,1,2
2024,      389009301,3890,93,1,1,0,2,1,2
2024,      389009401,3890,94,1,1,5,2,1,2
2024,      389010801,3890,108,1,0,5,2,1,2
2024,      389010901,3890,109,1,19,5,1,1,2
2024,      389010901,3890,109,1,3,5,2,2,4
2024,      389011101,3890,111,1,2,5,2,1,2
2024,      389104001,3891,40,1,1,6,2,1,1
2024,      389401201,3894,12,1,19,10,2,1,2
2024,      389402301,3894,23,1,10,10,2,1,2
2024,      389402401,3894,24,1,10,10,2,1,1
2024,      389404001,3894,40,1,19,10,2,1,2
2024,      389404101,3894,41,1,19,10,2,1,1
2024,      389404301,3894,43,1,1,10,2,1,2
2024,      389404401,3894,44,1,15,10,2,1,1
2024,      389406401,3894,64,1,0,4,2,1,2
2024,      389406801,3894,68,1,5,10,2,1,2
2024,      389407001,3894,70,1,0,10,2,1,2
2024,      390503901,3905,39,1,15,0,2,1,1
2024,      390504101,3905,41,1,8,0,2,1,1
2024,      390705501,3907,55,1,5,0,2,1,2
2024,      390706601,3907,66,1,19,0,2,1,1
2024,      390707101,3907,71,1,14,7,2,1,1
2024,      391106901,3911,69,1,5,0,2,1,4
2024,      391205201,3912,52,1,4,3,1,1,2
2024,      391205201,3912,52,1,4,3,2,2,6
2024,      391206201,3912,62,1,10,7,2,1,2
2024,      391302201,3913,22,1,1,7,2,1,1
2024,      391410401,3914,104,1,3,11,2,1,1
2024,      392311502,3923,115,2,0,8,1,1,1
2024,      392311502,3923,115,2,0,8,2,2,2
2024,      392905701,3929,57,1,5,10,2,1,1
2024,      393310701,3933,107,1,0,7,2,1,2
2024,      394001001,3940,10,1,4,10,2,1,4
2024,      394304801,3943,48,1,3,8,2,1,2
2024,      395600701,3956,7,1,2,11,2,1,2
2024,      395601201,3956,12,1,19,11,2,1,2
2024,      395602601,3956,26,1,0,11,2,1,3
2024,      395603601,3956,36,1,8,0,2,1,2
2024,      396002801,3960,28,1,2,11,2,1,2
2024,      396101501,3961,15,1,19,0,2,1,1
2024,      396101601,3961,16,1,2,0,2,1,1
2024,      396105301,3961,53,1,15,0,2,1,2
2024,      396105401,3961,54,1,19,11,2,1,2
2024,      396105501,3961,55,1,13,9,2,1,1
2024,      396107101,3961,71,1,16,9,2,1,1
2024,      396107201,3961,72,1,19,11,2,1,2
2024,      396107501,3961,75,1,12,0,2,1,1
2024,      396205101,3962,51,1,4,0,2,1,1
2024,      396205401,3962,54,1,5,0,2,1,6
2024,      396205501,3962,55,1,1,0,2,1,1
2024,      396209801,3962,98,1,4,0,2,1,1
2024,      396210001,3962,100,1,4,0,2,1,2
2024,      396210201,3962,102,1,10,0,2,1,2
2024,      396211401,3962,114,1,2,0,2,1,2
2024,      396211701,3962,117,1,10,0,2,1,2
2024,      396304601,3963,46,1,0,3,2,1,2
2024,      396304801,3963,48,1,19,11,2,1,2
2024,      396304901,3963,49,1,19,11,2,1,2
2024,      396306301,3963,63,1,15,0,2,1,2
2024,      396306601,3963,66,1,10,0,2,1,2
2024,      396306701,3963,67,1,15,0,2,1,1
2024,      396307901,3963,79,1,4,5,2,1,1
2024,      396402801,3964,28,1,6,0,2,1,1
2024,      396503601,3965,36,1,19,11,2,1,2
2024,      396503701,3965,37,1,19,11,2,1,2
2024,      396503801,3965,38,1,10,0,2,1,2
2024,      396504101,3965,41,1,19,11,2,1,2
2024,      396507701,3965,77,1,4,0,2,1,2
2024,      396513001,3965,130,1,1,0,2,1,1
2024,      396607101,3966,71,1,3,0,2,1,1
2024,      396608301,3966,83,1,1,0,2,1,2
2024,      396800501,3968,5,1,4,0,2,1,2
2024,      396805201,3968,52,1,5,0,2,1,1
2024,      401116201,4011,162,1,2,11,2,1,1
2024,      401116301,4011,163,1,10,8,2,1,1
2024,      401707901,4017,79,1,2,8,2,1,1
2024,      402400901,4024,9,1,1,6,2,1,2
2024,      402507901,4025,79,1,2,9,2,1,3
2024,      402510401,4025,104,1,2,5,2,1,1
2024,      402605801,4026,58,1,0,2,2,1,2
2024,      404303501,4043,35,1,0,1,1,1,2
2024,      404303501,4043,35,1,0,1,2,2,4
2024,      404303801,4043,38,1,3,0,1,1,1
2024,      404303801,4043,38,1,3,0,1,2,2
2024,      404303801,4043,38,1,3,0,1,3,3
2024,      404303801,4043,38,1,3,0,1,4,4
2024,      404303801,4043,38,1,3,0,2,5,5
2024,      404304101,4043,41,1,0,1,2,1,2
2024,      404304201,4043,42,1,4,0,1,1,1
2024,      404304201,4043,42,1,4,0,1,2,2
2024,      404304201,4043,42,1,4,0,1,3,3
2024,      404304201,4043,42,1,4,0,1,4,4
2024,      404304201,4043,42,1,4,0,2,5,5
2024,      404309201,4043,92,1,1,0,1,1,1
2024,      404309201,4043,92,1,4,0,1,2,2
2024,      404309201,4043,92,1,4,0,2,3,3
2024,      404309301,4043,93,1,0,3,2,1,2
2024,      404416901,4044,169,1,2,0,2,1,2
2024,      404611301,4046,113,1,0,6,1,1,2
2024,      404611301,4046,113,1,0,6,2,2,5
2024,      404701101,4047,11,1,1,6,1,1,1
2024,      404701101,4047,11,1,1,6,1,2,2
2024,      404701101,4047,11,1,1,6,1,3,3
2024,      404701101,4047,11,1,1,0,2,4,4
2024,      404701201,4047,12,1,4,0,2,1,2
2024,      404701501,4047,15,1,1,0,1,1,1
2024,      404701501,4047,15,1,1,0,1,2,2
2024,      404701501,4047,15,1,1,0,1,3,3
2024,      404701501,4047,15,1,1,0,1,4,4
2024,      404701501,4047,15,1,0,2,1,5,5
2024,      404701501,4047,15,1,1,0,1,6,6
2024,      404701501,4047,15,1,1,0,1,7,7
2024,      404701501,4047,15,1,1,0,1,8,8
2024,      404701501,4047,15,1,0,3,2,9,9
2024,      404707501,4047,75,1,2,0,2,1,2
2024,      404707701,4047,77,1,0,11,1,1,1
2024,      404707701,4047,77,1,0,11,1,2,2
2024,      404707701,4047,77,1,0,11,1,3,3
2024,      404707701,4047,77,1,0,11,1,4,4
2024,      404707701,4047,77,1,0,11,2,5,5
2024,      404707801,4047,78,1,3,0,1,1,1
2024,      404707801,4047,78,1,3,0,1,2,2
2024,      404707801,4047,78,1,3,0,1,3,3
2024,      404707801,4047,78,1,3,0,1,4,4
2024,      404707801,4047,78,1,3,0,2,5,5
2024,      404707901,4047,79,1,1,10,1,1,1
2024,      404707901,4047,79,1,1,10,1,2,2
2024,      404707901,4047,79,1,1,10,1,3,3
2024,      404707901,4047,79,1,1,10,1,4,4
2024,      404707901,4047,79,1,1,10,2,5,5
2024,      404708601,4047,86,1,1,0,1,1,1
2024,      404708601,4047,86,1,1,0,2,2,2
2024,      404708701,4047,87,1,2,4,1,1,1
2024,      404708701,4047,87,1,2,4,1,2,2
2024,      404708701,4047,87,1,2,4,1,3,3
2024,      404708701,4047,87,1,2,4,1,4,4
2024,      404708701,4047,87,1,2,4,2,5,5
2024,      405018301,4050,183,1,1,0,2,1,2
2024,      406201101,4062,11,1,10,0,1,1,1
2024,      406201101,4062,11,1,3,2,1,2,2
2024,      406201101,4062,11,1,3,2,2,3,3
2024,      406202101,4062,21,1,0,4,1,1,1
2024,      406202101,4062,21,1,0,9,1,2,2
2024,      406202101,4062,21,1,0,1,2,3,5
2024,      406214601,4062,146,1,3,0,2,1,1
2024,      406805301,4068,53,1,2,11,2,1,2
2024,      408603601,4086,36,1,4,10,1,1,1
2024,      408603601,4086,36,1,4,10,1,2,2
2024,      408603601,4086,36,1,4,10,2,3,3
2024,      409301101,4093,11,1,1,10,1,1,1
2024,      409301101,4093,11,1,1,10,1,2,2
2024,      409301101,4093,11,1,1,10,2,3,3
2024,      409304601,4093,46,1,2,10,1,1,1
2024,      409304601,4093,46,1,2,3,1,2,2
2024,      409304601,4093,46,1,2,10,1,3,3
2024,      409304601,4093,46,1,2,3,1,4,4
2024,      409304601,4093,46,1,2,10,2,5,5
2024,      409817001,4098,170,1,9,7,2,1,2
2024,      411314802,4113,148,2,15,7,2,1,1
2024,      411506201,4115,62,1,1,10,1,1,1
2024,      411506201,4115,62,1,1,10,2,2,2
2024,      411506601,4115,66,1,1,10,2,1,2
2024,      412002601,4120,26,1,0,6,2,1,3
2024,      412007201,4120,72,1,8,9,2,1,2
2024,      412010201,4120,102,1,3,8,2,1,1
2024,      412102401,4121,24,1,2,6,2,1,2
2024,      412200701,4122,7,1,0,6,2,1,2
2024,      412204501,4122,45,1,2,8,2,1,1
2024,      419408301,4194,83,1,5,6,2,1,2
2024,      419709001,4197,90,1,1,2,1,1,2
2024,      419709001,4197,90,1,1,2,2,2,3
2024,      420408801,4204,88,1,0,10,2,1,2
2024,      421600201,4216,2,1,4,8,2,1,2
2024,      421706001,4217,60,1,3,11,2,1,1
2024,      423506701,4235,67,1,2,5,2,1,2
2024,      423506702,4235,67,2,1,0,2,1,2
2024,      423506703,4235,67,3,1,3,2,1,2
2024,      423506704,4235,67,4,3,8,2,1,1
2024,      423507701,4235,77,1,6,0,2,1,2
2024,      423508501,4235,85,1,5,98,2,1,1
2024,      423806201,4238,62,1,15,0,2,1,2
2024,      423806401,4238,64,1,3,0,2,1,2
2024,      423807101,4238,71,1,0,8,2,1,2
2024,      423807201,4238,72,1,0,6,2,1,2
2024,      423815201,4238,152,1,4,0,2,1,2
2024,      423815601,4238,156,1,1,6,2,1,2
2024,      423819501,4238,195,1,1,2,1,1,2
2024,      423819501,4238,195,1,1,2,1,2,3
2024,      423819501,4238,195,1,1,2,2,3,4
2024,      424109501,4241,95,1,4,9,2,1,2
2024,      424704001,4247,40,1,2,10,2,1,2
2024,      424807301,4248,73,1,2,7,2,1,2
2024,      425301901,4253,19,1,15,0,2,1,1
2024,      425801801,4258,18,1,0,7,2,1,2
2024,      428601401,4286,14,1,0,2,2,1,2
2024,      429703401,4297,34,1,0,5,2,1,1
2024,      430701601,4307,16,1,2,0,1,1,1
2024,      430701601,4307,16,1,2,0,1,2,2
2024,      430701601,4307,16,1,2,0,1,3,3
2024,      430701601,4307,16,1,2,0,1,4,4
2024,      430701601,4307,16,1,2,0,1,5,5
2024,      430701601,4307,16,1,2,0,2,6,6
2024,      430800301,4308,3,1,0,6,2,1,2
2024,      430807301,4308,73,1,2,0,2,1,2
2024,      431304401,4313,44,1,3,9,2,1,2
2024,      432003601,4320,36,1,2,0,1,1,1
2024,      432003601,4320,36,1,2,0,1,2,2
2024,      432003601,4320,36,1,2,0,2,3,3
2024,      432004301,4320,43,1,2,0,1,1,2
2024,      432004301,4320,43,1,2,0,1,2,3
2024,      432004301,4320,43,1,2,0,2,3,4
2024,      432004401,4320,44,1,0,6,2,1,2
2024,      433703101,4337,31,1,6,7,2,1,2
2024,      434003301,4340,33,1,4,0,2,1,2
2024,      434003401,4340,34,1,0,6,2,1,3
2024,      434003501,4340,35,1,6,0,2,1,2
2024,      434408001,4344,80,1,0,5,2,1,2
2024,      434410701,4344,107,1,4,6,2,1,2
2024,      434606501,4346,65,1,1,0,2,1,2
2024,      434714201,4347,142,1,0,1,2,1,2
2024,      435005901,4350,59,1,1,4,2,1,1
2024,      436508301,4365,83,1,3,3,1,1,1
2024,      436508301,4365,83,1,3,3,1,2,2
2024,      436508301,4365,83,1,3,3,1,3,3
2024,      436508301,4365,83,1,3,3,2,4,4
2024,      437701301,4377,13,1,0,11,2,1,2
2024,      437702201,4377,22,1,2,4,2,1,3
2024,      437703701,4377,37,1,10,0,1,1,1
2024,      437703701,4377,37,1,2,0,1,2,2
2024,      437703701,4377,37,1,2,0,2,3,3
2024,      437704301,4377,43,1,5,5,1,1,1
2024,      437704301,4377,43,1,0,8,2,2,3
2024,      438009001,4380,90,1,3,11,2,1,2
2024,      438009301,4380,93,1,18,98,2,1,1
2024,      438013201,4380,132,1,4,0,2,1,2
2024,      438507601,4385,76,1,2,0,2,1,1
2024,      439101401,4391,14,1,3,0,2,1,2
2024,      439101501,4391,15,1,9,0,2,1,2
2024,      439101701,4391,17,1,0,6,2,1,2
2024,      439406301,4394,63,1,2,0,1,1,1
2024,      439406301,4394,63,1,2,0,2,2,2
2024,      439406501,4394,65,1,0,3,1,1,1
2024,      439406501,4394,65,1,0,3,2,2,4
2024,      439410901,4394,109,1,98,98,2,1,2
2024,      439411101,4394,111,1,1,0,2,1,2
2024,      439411201,4394,112,1,19,11,2,1,2
2024,      439503401,4395,34,1,0,3,2,1,2
2024,      439503601,4395,36,1,0,3,2,1,1
2024,      439504701,4395,47,1,1,4,2,1,1
2024,      439505001,4395,50,1,2,3,2,1,1
2024,      439602801,4396,28,1,1,1,2,1,2
2024,      439710401,4397,104,1,10,5,2,1,2
2024,      440001701,4400,17,1,3,0,2,1,3
2024,      442006901,4420,69,1,3,2,2,1,2
2024,      443101201,4431,12,1,10,0,2,1,1
2024,      443203101,4432,31,1,8,0,2,1,2
2024,      443501301,4435,13,1,10,0,2,1,1
2024,      443501701,4435,17,1,6,0,2,1,2
2024,      443501901,4435,19,1,5,0,2,1,2
2024,      443502001,4435,20,1,4,0,2,1,2
2024,      443502601,4435,26,1,1,0,2,1,2
2024,      443502701,4435,27,1,2,0,2,1,2
2024,      443503301,4435,33,1,15,0,2,1,1
2024,      443601401,4436,14,1,1,0,2,1,2
2024,      443601501,4436,15,1,10,0,1,1,1
2024,      443601501,4436,15,1,10,0,2,2,2
2024,      443601701,4436,17,1,10,0,2,1,2
2024,      443602201,4436,22,1,2,0,2,1,1
2024,      443603701,4436,37,1,5,0,2,1,2
2024,      443801601,4438,16,1,3,0,2,1,1
2024,      444007201,4440,72,1,3,0,2,1,1
2024,      444007501,4440,75,1,10,3,2,1,2
2024,      444101701,4441,17,1,0,1,2,1,1
2024,      445006301,4450,63,1,10,0,2,1,2
2024,      445006401,4450,64,1,10,1,2,1,2
2024,      445006501,4450,65,1,1,6,2,1,1
2024,      445009701,4450,97,1,15,5,2,1,1
2024,      445009801,4450,98,1,15,2,2,1,2
2024,      445010701,4450,107,1,2,0,2,1,1
2024,      445402101,4454,21,1,10,0,1,1,1
2024,      445402101,4454,21,1,10,0,2,2,2
2024,      445417101,4454,171,1,11,5,2,1,2
2024,      445417201,4454,172,1,3,0,2,1,1
2024,      445417301,4454,173,1,8,2,2,1,1
2024,      445613301,4456,133,1,10,0,2,1,2
2024,      445613901,4456,139,1,5,0,2,1,1
2024,      445710601,4457,106,1,3,6,2,1,1
2024,      446507101,4465,71,1,1,0,2,1,2
2024,      449202501,4492,25,1,2,1,2,1,1
2024,      449202601,4492,26,1,5,0,2,1,2
2024,      449204301,4492,43,1,2,0,2,1,2
2024,      449300101,4493,1,1,3,4,2,1,1
2024,      449300301,4493,3,1,5,4,2,1,2
2024,      449308201,4493,82,1,4,4,2,1,2
2024,      449308301,4493,83,1,1,4,2,1,1
2024,      449706701,4497,67,1,0,1,2,1,3
2024,      449711801,4497,118,1,0,6,2,1,2
2024,      449801301,4498,13,1,1,0,2,1,2
2024,      449814701,4498,147,1,19,11,2,1,2
2024,      449903501,4499,35,1,2,3,2,1,2
2024,      450103501,4501,35,1,1,6,2,1,2
2024,      450103601,4501,36,1,1,5,2,1,2
2024,      450103901,4501,39,1,1,0,2,1,2
2024,      450104101,4501,41,1,0,6,2,1,2
2024,      450104201,4501,42,1,1,6,2,1,2
2024,      450105001,4501,50,1,0,5,2,1,1
2024,      450105101,4501,51,1,1,6,2,1,2
2024,      450105301,4501,53,1,1,4,2,1,2
2024,      450604601,4506,46,1,5,2,2,1,1
2024,      450604701,4506,47,1,2,0,2,1,1
2024,      450611401,4506,114,1,2,0,2,1,2
2024,      450611701,4506,117,1,17,0,2,1,2
2024,      450611801,4506,118,1,12,3,2,1,1
2024,      450700601,4507,6,1,10,5,2,1,1
2024,      450700801,4507,8,1,19,98,2,1,2
2024,      450800801,4508,8,1,19,1,2,1,2
2024,      450801001,4508,10,1,1,1,2,1,2
2024,      450801401,4508,14,1,8,1,2,1,2
2024,      450802901,4508,29,1,5,1,2,1,1
2024,      450803001,4508,30,1,10,0,2,1,1
2024,      450803101,4508,31,1,10,1,2,1,2
2024,      450804001,4508,40,1,19,11,2,1,2
2024,      450804801,4508,48,1,19,1,2,1,2
2024,      450804901,4508,49,1,0,2,2,1,2
2024,      450901601,4509,16,1,5,0,2,1,2
2024,      450901901,4509,19,1,1,4,2,1,3
2024,      450903701,4509,37,1,4,0,2,1,2
2024,      450905601,4509,56,1,4,0,2,1,2
2024,      450905801,4509,58,1,15,0,2,1,2
2024,      450905901,4509,59,1,4,5,2,1,2
2024,      451103001,4511,30,1,10,0,2,1,2
2024,      451105301,4511,53,1,3,3,2,1,1
2024,      451202601,4512,26,1,15,0,2,1,1
2024,      451202801,4512,28,1,0,1,2,1,2
2024,      451209701,4512,97,1,3,0,2,1,2
2024,      454004201,4540,42,1,2,0,2,1,1
2024,      455103701,4551,37,1,0,1,2,1,1
2024,      455400301,4554,3,1,10,0,1,1,2
2024,      455400301,4554,3,1,10,0,1,2,3
2024,      455400301,4554,3,1,5,0,2,3,4
2024,      455400801,4554,8,1,8,0,1,1,1
2024,      455400801,4554,8,1,5,0,2,2,3
2024,      455905101,4559,51,1,19,6,2,1,2
2024,      456903401,4569,34,1,2,4,2,1,2
2024,      457001501,4570,15,1,0,2,2,1,1
2024,      457005401,4570,54,1,0,10,2,1,1
2024,      457211501,4572,115,1,5,1,2,1,2
2024,      459202701,4592,27,1,3,0,1,1,2
2024,      459202701,4592,27,1,3,0,1,2,3
2024,      459202701,4592,27,1,3,0,1,3,4
2024,      459202701,4592,27,1,2,0,2,4,5
2024,      459202801,4592,28,1,1,0,1,1,1
2024,      459202801,4592,28,1,19,0,1,2,2
2024,      459202801,4592,28,1,0,1,2,3,4
2024,      459209201,4592,92,1,2,0,2,1,2
2024,      459404101,4594,41,1,2,0,2,1,2
2024,      460804601,4608,46,1,2,0,1,1,3
2024,      460804601,4608,46,1,2,0,1,2,4
2024,      460804601,4608,46,1,2,0,1,3,5
2024,      460804601,4608,46,1,2,0,1,4,6
2024,      460804601,4608,46,1,2,0,1,5,7
2024,      460804601,4608,46,1,2,0,2,6,8
2024,      461303601,4613,36,1,0,5,1,1,1
2024,      461303601,4613,36,1,0,5,1,2,2
2024,      461303601,4613,36,1,0,5,2,3,3
2024,      462111701,4621,117,1,3,0,2,1,2
2024,      463412101,4634,121,1,1,0,2,1,2
2024,      465312001,4653,120,1,10,1,2,1,1
2024,      465501701,4655,17,1,15,6,2,1,3
2024,      466310501,4663,105,1,3,6,2,1,1
2024,      468608401,4686,84,1,0,9,2,1,2
2024,      472300201,4723,2,1,1,2,2,1,1
2024,      472300401,4723,4,1,2,2,1,1,1
2024,      472300401,4723,4,1,2,2,1,2,2
2024,      472300401,4723,4,1,2,0,2,3,5
2024,      472300701,4723,7,1,1,2,2,1,2
2024,      472300801,4723,8,1,2,2,1,1,1
2024,      472300801,4723,8,1,2,2,2,2,2
2024,      472303601,4723,36,1,1,2,2,1,1
2024,      472304001,4723,40,1,1,2,2,1,1
2024,      472304101,4723,41,1,1,0,2,1,2
2024,      472304401,4723,44,1,1,2,2,1,2
2024,      473312501,4733,125,1,19,5,2,1,2
2024,      474412201,4744,122,1,19,5,1,1,1
2024,      474412201,4744,122,1,19,5,2,2,2
2024,      474502101,4745,21,1,2,0,2,1,1
2024,      474603401,4746,34,1,6,0,2,1,2
2024,      474900601,4749,6,1,8,5,1,1,1
2024,      474900601,4749,6,1,3,5,2,2,4
2024,      475102801,4751,28,1,3,3,2,1,2
2024,      476409201,4764,92,1,6,4,2,1,1
2024,      477703301,4777,33,1,2,4,1,1,1
2024,      477703301,4777,33,1,10,3,2,2,2
2024,      477703801,4777,38,1,10,98,1,1,2
2024,      477703801,4777,38,1,8,0,2,2,6
2024,      477705001,4777,50,1,0,4,2,1,4
2024,      477705701,4777,57,1,2,11,1,1,1
2024,      477705701,4777,57,1,2,11,2,2,2
2024,      477705801,4777,58,1,1,4,2,1,1
2024,      478301401,4783,14,1,2,0,2,1,2
2024,      479204701,4792,47,1,3,0,2,1,2
2024,      480302101,4803,21,1,15,0,2,1,2
2024,      480302701,4803,27,1,19,0,2,1,2
2024,      480303201,4803,32,1,19,0,2,1,2
2024,      484701801,4847,18,1,0,8,2,1,1
2024,      484707801,4847,78,1,0,4,1,1,1
2024,      484707801,4847,78,1,0,4,1,2,2
2024,      484707801,4847,78,1,0,4,1,3,3
2024,      484707801,4847,78,1,0,4,1,4,4
2024,      484707801,4847,78,1,0,4,2,5,5
2024,      485301401,4853,14,1,3,0,2,1,1
2024,      486519301,4865,193,1,2,0,2,1,2
2024,      486519601,4865,196,1,2,0,2,1,2
2024,      486519801,4865,198,1,6,0,2,1,2
2024,      486601301,4866,13,1,3,3,2,1,2
2024,      486601501,4866,15,1,1,4,1,1,2
2024,      486601501,4866,15,1,0,6,2,2,4
2024,      486602701,4866,27,1,3,4,2,1,2
2024,      486602901,4866,29,1,0,2,2,1,2
2024,      488604201,4886,42,1,0,8,2,1,1
2024,      488802001,4888,20,1,0,10,2,1,2
2024,      489100501,4891,5,1,1,2,2,1,1
2024,      489300201,4893,2,1,1,0,1,1,2
2024,      489300201,4893,2,1,0,2,2,2,5
2024,      489405401,4894,54,1,5,8,2,1,2
2024,      489521001,4895,210,1,3,9,2,1,2
2024,      489805301,4898,53,1,3,9,2,1,2
2024,      489813601,4898,136,1,4,9,2,1,2
2024,      489813602,4898,136,2,4,9,2,1,2
2024,      489813901,4898,139,1,18,9,2,1,2
2024,      489814001,4898,140,1,10,9,2,1,2
2024,      489814301,4898,143,1,0,5,2,1,2
2024,      490004201,4900,42,1,0,1,2,1,2
2024,      490004401,4900,44,1,3,0,2,1,1
2024,      490004402,4900,44,2,10,10,2,1,2
2024,      491204301,4912,43,1,0,2,2,1,8
2024,      491207501,4912,75,1,1,9,2,1,2
2024,      491302701,4913,27,1,0,2,2,1,2
2024,      491311701,4913,117,1,3,11,2,1,2
2024,      491314101,4913,141,1,3,11,2,1,2
2024,      491603301,4916,33,1,1,9,1,1,4
2024,      491603301,4916,33,1,1,9,1,2,5
2024,      491603301,4916,33,1,1,9,1,3,6
2024,      491603301,4916,33,1,1,9,2,4,7
2024,      491811401,4918,114,1,19,11,2,1,2
2024,      491900601,4919,6,1,0,7,2,1,1
2024,      491900801,4919,8,1,10,0,2,1,1
2024,      492009001,4920,90,1,10,11,2,1,2
2024,      492011101,4920,111,1,3,11,2,1,2
2024,      492011401,4920,114,1,5,11,2,1,1
2024,      492011701,4920,117,1,2,9,2,1,2
2024,      492100101,4921,1,1,2,10,2,1,2
2024,      492101101,4921,11,1,2,0,2,1,2
2024,      492105601,4921,56,1,2,10,2,1,2
2024,      493103301,4931,33,1,0,1,2,1,2
2024,      493106801,4931,68,1,0,7,2,1,2
2024,      493503301,4935,33,1,1,6,2,1,2
2024,      493717001,4937,170,1,0,11,2,1,1
2024,      493804001,4938,40,1,0,10,1,1,1
2024,      493804001,4938,40,1,0,10,2,2,5
2024,      493804101,4938,41,1,0,6,2,1,2
2024,      493804201,4938,42,1,1,8,1,1,1
2024,      493804201,4938,42,1,1,8,2,2,2
2024,      493806701,4938,67,1,3,6,2,1,1
2024,      493806801,4938,68,1,15,0,2,1,2
2024,      493806901,4938,69,1,6,9,2,1,2
2024,      493807101,4938,71,1,10,0,2,1,2
2024,      493900501,4939,5,1,0,7,2,1,2
2024,      493900601,4939,6,1,1,1,2,1,1
2024,      493905101,4939,51,1,2,6,2,1,2
2024,      494016601,4940,166,1,0,8,2,1,2
2024,      496800801,4968,8,1,2,0,2,1,1
2024,      496801001,4968,10,1,3,0,2,1,2
2024,      496901201,4969,12,1,1,0,2,1,2
2024,      497407001,4974,70,1,3,0,2,1,2
2024,      497407101,4974,71,1,0,1,2,1,2
2024,      497407401,4974,74,1,19,10,2,1,2
2024,      497407501,4974,75,1,0,10,2,1,2
2024,      497407601,4974,76,1,4,0,2,1,2
2024,      497407701,4974,77,1,0,10,2,1,2
2024,      497407801,4974,78,1,0,1,2,1,2
2024,      497407901,4974,79,1,1,10,2,1,2
2024,      497501401,4975,14,1,0,7,2,1,2
2024,      497502701,4975,27,1,1,7,2,1,2
2024,      497504601,4975,46,1,6,7,2,1,1
2024,      497506801,4975,68,1,2,7,2,1,2
2024,      497600201,4976,2,1,98,98,2,1,2
2024,      497601101,4976,11,1,1,7,2,1,2
2024,      497703701,4977,37,1,3,0,2,1,2
2024,      497807001,4978,70,1,0,11,2,1,2
2024,      497808501,4978,85,1,1,11,2,1,2
2024,      497909401,4979,94,1,1,0,2,1,2
2024,      499209601,4992,96,1,5,0,2,1,1
2024,      499300301,4993,3,1,3,5,2,1,2
2024,      499407501,4994,75,1,19,8,2,1,2
2024,      500301501,5003,15,1,2,11,2,1,2
2024,      500600201,5006,2,1,1,7,2,1,2
2024,      500605801,5006,58,1,5,11,2,1,1
2024,      500608501,5006,85,1,3,7,2,1,3
2024,      500702901,5007,29,1,2,7,2,1,2
2024,      500703901,5007,39,1,3,7,1,1,1
2024,      500703901,5007,39,1,3,7,1,2,2
2024,      500703901,5007,39,1,3,7,2,3,3
2024,      502001601,5020,16,1,3,11,2,1,1
2024,      502004501,5020,45,1,0,11,1,1,2
2024,      502004501,5020,45,1,0,11,1,2,3
2024,      502004501,5020,45,1,0,11,1,3,4
2024,      502004501,5020,45,1,0,11,1,4,5
2024,      502004501,5020,45,1,0,11,1,5,6
2024,      502004501,5020,45,1,0,11,2,6,7
2024,      502009701,5020,97,1,1,11,1,1,1
2024,      502009701,5020,97,1,1,11,1,2,2
2024,      502009701,5020,97,1,1,11,2,3,3
2024,      503101301,5031,13,1,3,6,2,1,2
2024,      503302001,5033,20,1,2,7,2,1,2
2024,      503302101,5033,21,1,1,0,2,1,1
2024,      503302201,5033,22,1,5,7,2,1,1
2024,      503302301,5033,23,1,1,11,2,1,2
2024,      503302901,5033,29,1,10,0,2,1,1
2024,      503303001,5033,30,1,0,7,2,1,2
2024,      503303101,5033,31,1,0,7,2,1,2
2024,      503400401,5034,4,1,0,3,2,1,2
2024,      503402601,5034,26,1,5,98,2,1,2
2024,      503402701,5034,27,1,15,0,2,1,2
2024,      503402801,5034,28,1,1,0,2,1,2
2024,      503404101,5034,41,1,0,10,2,1,2
2024,      503404301,5034,43,1,2,10,2,1,2
2024,      503500401,5035,4,1,2,7,2,1,2
2024,      503504101,5035,41,1,10,7,2,1,2
2024,      503504301,5035,43,1,2,6,2,1,2
2024,      503803101,5038,31,1,10,9,2,1,2
2024,      503803301,5038,33,1,19,10,2,1,1
2024,      503803401,5038,34,1,17,10,2,1,2
2024,      503803701,5038,37,1,2,98,2,1,1
2024,      503803901,5038,39,1,0,10,2,1,1
2024,      503902001,5039,20,1,9,0,2,1,2
2024,      504100401,5041,4,1,3,0,2,1,2
2024,      504300401,5043,4,1,0,1,2,1,2
2024,      504303101,5043,31,1,2,0,2,1,2
2024,      504304001,5043,40,1,1,0,2,1,2
2024,      504306501,5043,65,1,5,6,2,1,2
2024,      504306901,5043,69,1,10,0,2,1,2
2024,      504805201,5048,52,1,1,0,2,1,2
2024,      504805301,5048,53,1,0,2,2,1,1
2024,      505000101,5050,1,1,98,98,2,1,2
2024,      505000201,5050,2,1,2,11,2,1,2
2024,      505000301,5050,3,1,5,0,2,1,1
2024,      505000401,5050,4,1,19,11,2,1,2
2024,      505000501,5050,5,1,2,0,2,1,1
2024,      505002001,5050,20,1,15,11,2,1,1
2024,      505002201,5050,22,1,19,11,2,1,2
2024,      505002301,5050,23,1,19,11,2,1,2
2024,      505002401,5050,24,1,2,11,2,1,1
2024,      505102001,5051,20,1,19,11,2,1,2
2024,      505102601,5051,26,1,2,6,2,1,2
2024,      505109101,5051,91,1,2,5,2,1,2
2024,      505109201,5051,92,1,2,3,2,1,1
2024,      505109601,5051,96,1,15,6,2,1,2
2024,      505109701,5051,97,1,3,4,2,1,2
2024,      505203001,5052,30,1,19,11,2,1,2
2024,      505203101,5052,31,1,3,0,2,1,1
2024,      505203301,5052,33,1,5,0,2,1,1
2024,      505204501,5052,45,1,3,0,2,1,2
2024,      505204801,5052,48,1,2,11,2,1,1
2024,      505205001,5052,50,1,3,0,2,1,1
2024,      505205101,5052,51,1,2,7,2,1,2
2024,      505206501,5052,65,1,3,0,2,1,1
2024,      505209201,5052,92,1,10,0,2,1,1
2024,      505209401,5052,94,1,5,0,2,1,2
2024,      505209501,5052,95,1,98,98,2,1,1
2024,      505209701,5052,97,1,0,8,2,1,2
2024,      505411101,5054,111,1,5,0,2,1,2
2024,      505411401,5054,114,1,3,0,2,1,2
2024,      505414001,5054,140,1,3,0,2,1,2
2024,      505503801,5055,38,1,5,0,2,1,2
2024,      505503901,5055,39,1,5,0,2,1,2
2024,      505504101,5055,41,1,1,0,1,1,2
2024,      505504101,5055,41,1,3,0,2,2,4
2024,      505504201,5055,42,1,1,0,1,1,1
2024,      505504201,5055,42,1,1,0,1,2,2
2024,      505504201,5055,42,1,0,6,1,3,3
2024,      505504201,5055,42,1,0,6,2,4,4
2024,      505504701,5055,47,1,19,11,2,1,2
2024,      505504801,5055,48,1,12,0,2,1,1
2024,      505505101,5055,51,1,1,0,2,1,2
2024,      505505401,5055,54,1,5,0,2,1,1
2024,      505600701,5056,7,1,2,0,2,1,1
2024,      505600901,5056,9,1,1,0,2,1,2
2024,      505604201,5056,42,1,2,0,2,1,1
2024,      505604701,5056,47,1,2,0,2,1,2
2024,      505605801,5056,58,1,1,0,2,1,1
2024,      505606701,5056,67,1,2,0,2,1,1
2024,      506903001,5069,30,1,0,1,2,1,2
2024,      510007901,5100,79,1,1,0,2,1,2
2024,      511407801,5114,78,1,5,9,2,1,2
2024,      511501101,5115,11,1,1,7,2,1,1
2024,      511501201,5115,12,1,1,0,2,1,2
2024,      511503801,5115,38,1,4,8,1,1,1
2024,      511503801,5115,38,1,0,6,1,2,3
2024,      511503801,5115,38,1,0,6,2,3,4
2024,      512408101,5124,81,1,1,0,2,1,1
2024,      512408301,5124,83,1,0,3,2,1,2
2024,      512803501,5128,35,1,2,10,2,1,1
2024,      513201001,5132,10,1,0,7,2,1,2
2024,      513201102,5132,11,2,0,10,1,1,1
2024,      513201102,5132,11,2,0,10,1,2,2
2024,      513201102,5132,11,2,0,10,2,3,3
2024,      513201401,5132,14,1,0,11,2,1,2
2024,      513201601,5132,16,1,19,0,2,1,2
2024,      513201701,5132,17,1,2,0,1,1,2
2024,      513201701,5132,17,1,0,10,2,2,3
2024,      513201801,5132,18,1,3,6,2,1,2
2024,      513201901,5132,19,1,2,0,1,1,2
2024,      513201901,5132,19,1,2,0,2,2,4
2024,      513203301,5132,33,1,12,0,2,1,2
2024,      513206501,5132,65,1,0,6,2,1,2
2024,      513207101,5132,71,1,2,0,2,1,2
2024,      513207201,5132,72,1,2,7,1,1,2
2024,      513207201,5132,72,1,0,7,2,2,4
2024,      513207301,5132,73,1,1,0,2,1,2
2024,      513304701,5133,47,1,0,6,2,1,2
2024,      513402601,5134,26,1,0,9,2,1,1
2024,      513402901,5134,29,1,0,6,2,1,2
2024,      513403001,5134,30,1,0,4,1,1,1
2024,      513403001,5134,30,1,0,2,2,2,2
2024,      513410801,5134,108,1,1,0,2,1,2
2024,      513410901,5134,109,1,0,8,2,1,2
2024,      513411101,5134,111,1,0,3,2,1,1
2024,      513411701,5134,117,1,1,0,2,1,1
2024,      513411901,5134,119,1,0,3,2,1,2
2024,      513412101,5134,121,1,0,3,2,1,2
2024,      514908301,5149,83,1,0,3,2,1,3
2024,      515500501,5155,5,1,0,5,2,1,1
2024,      516801301,5168,13,1,0,8,2,1,1
2024,      516808601,5168,86,1,1,10,2,1,2
2024,      520606701,5206,67,1,1,1,2,1,2
2024,      520606801,5206,68,1,1,7,2,1,2
2024,      521105001,5211,50,1,9,0,2,1,2
2024,      522008501,5220,85,1,5,8,2,1,5
2024,      522500701,5225,7,1,0,1,2,1,2
2024,      526902201,5269,22,1,0,7,2,1,2
2024,      529300101,5293,1,1,5,6,2,1,3
2024,      529500401,5295,4,1,19,7,2,1,1
2024,      530403101,5304,31,1,1,11,2,1,2
2024,      532409401,5324,94,1,3,8,2,1,1
2024,      532604101,5326,41,1,5,0,2,1,2
2024,      532809801,5328,98,1,10,0,1,1,2
2024,      532809801,5328,98,1,13,0,1,2,3
2024,      532809801,5328,98,1,7,0,2,3,4
2024,      532813701,5328,137,1,19,0,2,1,2
2024,      532912301,5329,123,1,2,0,2,1,2
2024,      534700501,5347,5,1,15,0,2,1,1
2024,      534701801,5347,18,1,0,9,2,1,1
2024,      534702001,5347,20,1,9,11,2,1,2
2024,      536601201,5366,12,1,0,11,2,1,2
2024,      538100201,5381,2,1,4,6,2,1,1
2024,      538401401,5384,14,1,5,0,2,1,2
2024,      538402001,5384,20,1,10,0,2,1,1
2024,      539105001,5391,50,1,4,0,2,1,2
2024,      539105901,5391,59,1,0,6,2,1,1
2024,      539810101,5398,101,1,1,0,2,1,1
2024,      540103101,5401,31,1,5,0,2,1,2
2024,      540107201,5401,72,1,3,7,2,1,2
2024,      540111701,5401,117,1,0,4,2,1,2
2024,      540608401,5406,84,1,1,0,1,1,1
2024,      540608401,5406,84,1,1,0,1,2,2
2024,      540608401,5406,84,1,1,0,2,3,3
2024,      540611001,5406,110,1,0,3,2,1,1
2024,      540700401,5407,4,1,4,0,2,1,2
2024,      540700601,5407,6,1,8,0,2,1,2
2024,      540700901,5407,9,1,3,0,2,1,2
2024,      540701001,5407,10,1,5,0,1,1,1
2024,      540701001,5407,10,1,5,0,1,2,2
2024,      540701001,5407,10,1,5,0,2,3,3
2024,      540703401,5407,34,1,2,0,2,1,2
2024,      540703701,5407,37,1,2,0,2,1,1
2024,      540703901,5407,39,1,10,0,2,1,2
2024,      542902901,5429,29,1,5,8,2,1,2
2024,      543107101,5431,71,1,2,2,2,1,1
2024,      543400101,5434,1,1,1,5,2,1,2
2024,      544101401,5441,14,1,7,0,2,1,2
2024,      544102301,5441,23,1,0,4,2,1,2
2024,      544402001,5444,20,1,2,0,2,1,2
2024,      546006801,5460,68,1,3,0,2,1,2
2024,      546607401,5466,74,1,10,0,1,1,1
2024,      546607401,5466,74,1,1,0,2,2,5
2024,      546613701,5466,137,1,8,0,2,1,2
2024,      547102401,5471,24,1,8,98,2,1,1
2024,      547105201,5471,52,1,3,0,2,1,2
2024,      547305901,5473,59,1,0,5,2,1,1
2024,      547306001,5473,60,1,1,0,2,1,1
2024,      547309801,5473,98,1,1,0,2,1,1
2024,      547509701,5475,97,1,1,3,2,1,2
2024,      547601201,5476,12,1,15,0,2,1,2
2024,      547610101,5476,101,1,0,8,2,1,2
2024,      547700601,5477,6,1,3,0,2,1,2
2024,      547700701,5477,7,1,3,4,1,1,1
2024,      547700701,5477,7,1,3,4,2,2,2
2024,      547700801,5477,8,1,4,0,2,1,2
2024,      547700901,5477,9,1,2,0,2,1,2
2024,      547701601,5477,16,1,3,0,2,1,2
2024,      547701602,5477,16,2,0,8,2,1,1
2024,      547701801,5477,18,1,3,98,1,1,3
2024,      547701801,5477,18,1,3,98,2,2,4
2024,      547701901,5477,19,1,19,0,2,1,2
2024,      547702901,5477,29,1,2,0,2,1,2
2024,      547703001,5477,30,1,3,0,2,1,2
2024,      547703201,5477,32,1,0,1,2,1,2
2024,      547813301,5478,133,1,2,0,2,1,2
2024,      547901801,5479,18,1,10,5,2,1,2
2024,      547904501,5479,45,1,0,6,2,1,2
2024,      547910501,5479,105,1,8,0,2,1,2
2024,      548102001,5481,20,1,1,3,2,1,2
2024,      548102201,5481,22,1,10,6,2,1,1
2024,      548102401,5481,24,1,1,0,2,1,2
2024,      548200601,5482,6,1,0,1,2,1,2
2024,      548200701,5482,7,1,0,1,1,1,1
2024,      548200701,5482,7,1,0,1,2,2,2
2024,      548200801,5482,8,1,0,1,2,1,2
2024,      548200901,5482,9,1,1,0,1,1,1
2024,      548200901,5482,9,1,1,0,2,2,2
2024,      548201001,5482,10,1,0,2,2,1,1
2024,      548400101,5484,1,1,1,0,2,1,2
2024,      551200301,5512,3,1,1,0,2,1,2
2024,      551205501,5512,55,1,1,0,2,1,2
2024,      551505901,5515,59,1,1,1,2,1,2
2024,      551603801,5516,38,1,2,5,2,1,1
2024,      551801101,5518,11,1,10,0,2,1,2
2024,      551801201,5518,12,1,1,0,2,1,2
2024,      551801301,5518,13,1,2,0,2,1,2
2024,      551801401,5518,14,1,1,0,2,1,2
2024,      551801501,5518,15,1,5,0,2,1,2
2024,      551902201,5519,22,1,4,1,2,1,2
2024,      551902301,5519,23,1,2,0,2,1,2
2024,      551902501,5519,25,1,2,2,2,1,1
2024,      551904001,5519,40,1,2,1,2,1,2
2024,      551904101,5519,41,1,3,0,2,1,2
2024,      551904201,5519,42,1,2,1,2,1,1
2024,      551904301,5519,43,1,5,0,2,1,1
2024,      551904501,5519,45,1,3,0,2,1,1
2024,      551904601,5519,46,1,15,1,2,1,2
2024,      551904701,5519,47,1,4,0,2,1,1
2024,      551904801,5519,48,1,1,1,2,1,2
2024,      551904901,5519,49,1,2,0,2,1,2
2024,      552000101,5520,1,1,8,0,2,1,2
2024,      552000301,5520,3,1,8,0,2,1,1
2024,      552000401,5520,4,1,10,4,1,1,1
2024,      552000401,5520,4,1,6,4,2,2,3
2024,      552000501,5520,5,1,4,0,2,1,1
2024,      552302901,5523,29,1,8,0,2,1,2
2024,      552400101,5524,1,1,4,0,2,1,2
2024,      552400501,5524,5,1,18,2,2,1,2
2024,      552401101,5524,11,1,2,5,2,1,2
2024,      552502601,5525,26,1,1,0,2,1,1
2024,      552505301,5525,53,1,4,2,2,1,2
2024,      552605901,5526,59,1,2,0,2,1,4
2024,      552607201,5526,72,1,0,1,2,1,2
2024,      552607501,5526,75,1,1,0,2,1,2
2024,      552607601,5526,76,1,1,0,2,1,2
2024,      553007001,5530,70,1,2,5,2,1,2
2024,      553503101,5535,31,1,0,3,2,1,1
2024,      553503301,5535,33,1,0,7,2,1,1
2024,      553803001,5538,30,1,10,4,2,1,1
2024,      553901601,5539,16,1,1,0,2,1,2
2024,      554404001,5544,40,1,1,0,2,1,1
2024,      554805601,5548,56,1,4,0,2,1,2
2024,      555307901,5553,79,1,0,5,2,1,2
2024,      556500601,5565,6,1,1,6,2,1,1
2024,      556504701,5565,47,1,0,4,2,1,1
2024,      556505601,5565,56,1,4,6,1,1,1
2024,      556505601,5565,56,1,4,6,1,2,2
2024,      556505601,5565,56,1,4,6,1,3,3
2024,      556505601,5565,56,1,4,6,2,4,4
2024,      557901601,5579,16,1,19,1,2,1,2
2024,      557901901,5579,19,1,10,1,2,1,1
2024,      557903701,5579,37,1,10,1,2,1,2
2024,      557903801,5579,38,1,10,0,2,1,1
2024,      557903901,5579,39,1,1,0,2,1,2
2024,      558605601,5586,56,1,0,4,2,1,2
2024,      558808801,5588,88,1,8,0,2,1,1
2024,      559300201,5593,2,1,1,0,2,1,2
2024,      559300401,5593,4,1,1,0,2,1,2
2024,      559301201,5593,12,1,2,0,2,1,2
2024,      559309301,5593,93,1,5,0,2,1,1
2024,      559402401,5594,24,1,2,8,2,1,2
2024,      559402501,5594,25,1,2,0,2,1,1
2024,      559600601,5596,6,1,0,6,2,1,2
2024,      559700601,5597,6,1,1,0,2,1,2
2024,      559700701,5597,7,1,1,3,2,1,2
2024,      559700901,5597,9,1,2,3,2,1,1
2024,      559701001,5597,10,1,2,0,2,1,2
2024,      559707301,5597,73,1,0,6,2,1,1
2024,      559707401,5597,74,1,2,0,2,1,1
2024,      559707501,5597,75,1,1,1,2,1,2
2024,      559707601,5597,76,1,2,0,2,1,1
2024,      559912301,5599,123,1,19,3,2,1,2
2024,      560302801,5603,28,1,1,2,2,1,2
2024,      560303101,5603,31,1,1,0,2,1,2
2024,      560801201,5608,12,1,2,0,1,1,3
2024,      560801201,5608,12,1,2,0,1,2,4
2024,      560801201,5608,12,1,2,0,2,3,5
2024,      561308801,5613,88,1,4,0,2,1,2
2024,      561309001,5613,90,1,0,7,1,1,2
2024,      561309001,5613,90,1,0,7,2,2,4
2024,      561607501,5616,75,1,0,1,2,1,2
2024,      561700701,5617,7,1,12,6,2,1,2
2024,      562202201,5622,22,1,1,0,2,1,1
2024,      562206701,5622,67,1,0,1,2,1,2
2024,      564608701,5646,87,1,0,6,2,1,2
2024,      566207801,5662,78,1,3,0,2,1,1
2024,      567006501,5670,65,1,2,0,2,1,1
2024,      567015601,5670,156,1,12,0,2,1,2
2024,      567105001,5671,50,1,0,8,2,1,1
2024,      567700201,5677,2,1,1,0,1,1,1
2024,      567700201,5677,2,1,1,0,1,2,2
2024,      567700201,5677,2,1,1,0,1,3,3
2024,      567700201,5677,2,1,1,0,2,4,4
2024,      567700401,5677,4,1,3,0,1,1,1
2024,      567700401,5677,4,1,3,0,2,2,2
2024,      567701701,5677,17,1,1,2,1,1,2
2024,      567701701,5677,17,1,1,2,2,2,4
2024,      567701801,5677,18,1,3,0,2,1,1
2024,      567701901,5677,19,1,0,2,2,1,2
2024,      567702001,5677,20,1,2,0,1,1,1
2024,      567702001,5677,20,1,2,0,1,2,2
2024,      567702001,5677,20,1,2,0,2,3,3
2024,      567714801,5677,148,1,1,0,1,1,1
2024,      567714801,5677,148,1,1,0,2,2,2
2024,      567811101,5678,111,1,0,2,2,1,1
2024,      567908501,5679,85,1,2,0,1,1,1
2024,      567908501,5679,85,1,2,0,2,2,2
2024,      568003301,5680,33,1,10,0,2,1,1
2024,      568003401,5680,34,1,3,0,1,1,1
2024,      568003401,5680,34,1,3,0,1,2,2
2024,      568003401,5680,34,1,3,0,2,3,3
2024,      568004501,5680,45,1,3,0,1,1,2
2024,      568004501,5680,45,1,1,0,2,2,3
2024,      568006001,5680,60,1,5,0,2,1,2
2024,      569206201,5692,62,1,2,1,1,1,4
2024,      569206201,5692,62,1,1,1,2,2,5
2024,      569609701,5696,97,1,0,6,2,1,6
2024,      571000501,5710,5,1,4,4,2,1,2
2024,      571000502,5710,5,2,3,4,2,1,1
2024,      571306301,5713,63,1,2,5,2,1,1
2024,      574800501,5748,5,1,18,1,2,1,2
2024,      575411001,5754,110,1,1,2,2,1,1
2024,      575603601,5756,36,1,5,0,2,1,2
2024,      575700201,5757,2,1,3,3,2,1,1
2024,      575702401,5757,24,1,2,3,2,1,1
2024,      575915901,5759,159,1,0,1,2,1,2
2024,      576403101,5764,31,1,19,3,2,1,1
2024,      576609901,5766,99,1,0,1,2,1,1
2024,      577500901,5775,9,1,2,6,2,1,1
2024,      577501401,5775,14,1,7,6,2,1,2
2024,      577502101,5775,21,1,1,6,2,1,2
2024,      581303801,5813,38,1,0,1,2,1,1
2024,      581303901,5813,39,1,5,1,1,1,1
2024,      581303901,5813,39,1,5,1,1,2,3
2024,      581303901,5813,39,1,5,1,1,3,4
2024,      581303901,5813,39,1,0,1,2,4,5
2024,      581304001,5813,40,1,9,0,2,1,2
2024,      581304101,5813,41,1,2,1,2,1,2
2024,      581304201,5813,42,1,1,1,2,1,1
2024,      582408101,5824,81,1,4,4,2,1,2
2024,      583009101,5830,91,1,15,0,2,1,2
2024,      583106301,5831,63,1,19,1,2,1,1
2024,      583701501,5837,15,1,1,0,2,1,2
2024,      583800901,5838,9,1,0,11,2,1,1
2024,      585119001,5851,190,1,0,2,2,1,2
2024,      586604101,5866,41,1,1,2,2,1,7
2024,      586904801,5869,48,1,8,5,2,1,2
2024,      587101101,5871,11,1,0,1,2,1,5
2024,      587101201,5871,12,1,0,2,2,1,2
2024,      587303001,5873,30,1,10,0,1,1,1
2024,      587303001,5873,30,1,19,0,2,2,3
2024,      587303201,5873,32,1,1,4,1,1,1
2024,      587303201,5873,32,1,9,0,2,2,2
2024,      587303501,5873,35,1,19,0,2,1,1
2024,      587303801,5873,38,1,18,98,2,1,2
2024,      587402701,5874,27,1,2,98,2,1,1
2024,      587403701,5874,37,1,19,0,2,1,2
2024,      587404001,5874,40,1,2,1,1,1,2
2024,      587404001,5874,40,1,2,1,1,2,3
2024,      587404001,5874,40,1,2,1,1,3,4
2024,      587404001,5874,40,1,2,1,2,4,5
2024,      587406701,5874,67,1,3,3,2,1,3
2024,      587406702,5874,67,2,3,98,2,1,2
2024,      588917901,5889,179,1,1,2,1,1,3
2024,      588917901,5889,179,1,1,2,2,2,4
2024,      590305001,5903,50,1,0,3,2,1,2
2024,      592601501,5926,15,1,2,0,2,1,1
2024,      593504701,5935,47,1,1,0,1,1,1
2024,      593504701,5935,47,1,1,0,2,2,2
2024,      593806701,5938,67,1,0,2,1,1,1
2024,      593806701,5938,67,1,0,2,2,2,2
2024,      594111001,5941,110,1,11,0,2,1,2
2024,      594505801,5945,58,1,5,4,1,1,1
2024,      594505801,5945,58,1,11,0,1,2,2
2024,      594505801,5945,58,1,9,0,1,3,3
2024,      594505801,5945,58,1,4,0,2,4,4
2024,      594601301,5946,13,1,5,6,2,1,2
2024,      594910201,5949,102,1,0,2,2,1,1
2024,      594910401,5949,104,1,1,0,2,1,1
2024,      594923901,5949,239,1,4,0,2,1,1
2024,      595704501,5957,45,1,0,3,2,1,1
2024,      596601401,5966,14,1,2,0,2,1,1
2024,      596601601,5966,16,1,1,98,1,1,1
2024,      596601601,5966,16,1,1,98,1,2,2
2024,      596601601,5966,16,1,1,98,1,3,3
2024,      596601601,5966,16,1,1,98,1,4,4
2024,      596601601,5966,16,1,1,98,1,5,5
2024,      596601601,5966,16,1,1,1,2,6,6
2024,      596602201,5966,22,1,3,0,1,1,5
2024,      596602201,5966,22,1,2,0,2,2,8
2024,      596602501,5966,25,1,0,8,2,1,2
2024,      597207801,5972,78,1,0,1,2,1,2
2024,      597403501,5974,35,1,0,5,2,1,1
2024,      598703101,5987,31,1,4,7,2,1,1
2024,      600701701,6007,17,1,6,0,2,1,2
2024,      600702501,6007,25,1,0,3,2,1,2
2024,      600706601,6007,66,1,1,9,1,1,1
2024,      600706601,6007,66,1,1,9,1,2,2
2024,      600706601,6007,66,1,1,9,2,3,3
2024,      600708501,6007,85,1,1,5,1,1,2
2024,      600708501,6007,85,1,1,5,1,2,3
2024,      600708501,6007,85,1,1,5,1,3,4
2024,      600708501,6007,85,1,1,5,2,4,5
2024,      601903601,6019,36,1,1,7,2,1,2
2024,      601903701,6019,37,1,1,0,2,1,1
2024,      601903901,6019,39,1,1,0,2,1,2
2024,      602102301,6021,23,1,1,0,2,1,2
2024,      602102601,6021,26,1,5,10,2,1,2
2024,      602102801,6021,28,1,10,10,2,1,2
2024,      602102901,6021,29,1,2,0,2,1,1
2024,      602210601,6022,106,1,1,10,1,1,1
2024,      602210601,6022,106,1,1,10,1,2,2
2024,      602210601,6022,106,1,1,10,2,3,3
2024,      602211001,6022,110,1,2,0,2,1,2
2024,      602409001,6024,90,1,2,0,2,1,1
2024,      602409201,6024,92,1,2,0,2,1,2
2024,      602409301,6024,93,1,1,0,2,1,1
2024,      602506001,6025,60,1,0,4,2,1,2
2024,      602506101,6025,61,1,5,8,2,1,2
2024,      603603801,6036,38,1,1,11,2,1,1
2024,      605408201,6054,82,1,2,8,2,1,2
2024,      606201701,6062,17,1,3,11,2,1,2
2024,      606203901,6062,39,1,2,10,2,1,1
2024,      606204101,6062,41,1,6,10,2,1,2
2024,      606300301,6063,3,1,3,10,2,1,1
2024,      606302701,6063,27,1,0,4,2,1,5
2024,      606303501,6063,35,1,10,10,1,1,1
2024,      606303501,6063,35,1,3,10,2,2,4
2024,      606304701,6063,47,1,3,10,2,1,2
2024,      606401101,6064,11,1,5,0,2,1,2
2024,      606401201,6064,12,1,10,10,2,1,2
2024,      606401301,6064,13,1,4,0,2,1,2
2024,      606401401,6064,14,1,10,10,2,1,2
2024,      606401501,6064,15,1,15,0,2,1,2
2024,      606401601,6064,16,1,1,10,2,1,2
2024,      606401701,6064,17,1,3,0,2,1,2
2024,      606401801,6064,18,1,19,0,2,1,2
2024,      606401901,6064,19,1,10,0,2,1,2
2024,      606403101,6064,31,1,1,0,2,1,2
2024,      606502301,6065,23,1,1,6,2,1,2
2024,      606503901,6065,39,1,19,0,2,1,2
2024,      606603101,6066,31,1,5,11,2,1,2
2024,      606603201,6066,32,1,10,11,2,1,2
2024,      606603301,6066,33,1,15,11,2,1,2
2024,      606603401,6066,34,1,12,11,2,1,1
2024,      606603501,6066,35,1,3,11,2,1,2
2024,      606603601,6066,36,1,13,11,2,1,2
2024,      606603701,6066,37,1,4,11,2,1,2
2024,      606603801,6066,38,1,10,11,2,1,2
2024,      606603901,6066,39,1,5,11,2,1,1
2024,      606604001,6066,40,1,6,11,2,1,2
2024,      607708901,6077,89,1,3,2,1,1,2
2024,      607708901,6077,89,1,3,1,1,2,3
2024,      607708901,6077,89,1,1,6,2,3,9
2024,      607709501,6077,95,1,1,0,2,1,2
2024,      607800101,6078,1,1,0,6,2,1,2
2024,      607800501,6078,5,1,2,0,2,1,1
2024,      607806301,6078,63,1,3,1,2,1,2
2024,      607807601,6078,76,1,3,2,2,1,1
2024,      607807801,6078,78,1,2,0,2,1,2
2024,      607906201,6079,62,1,1,0,2,1,1
2024,      608000301,6080,3,1,6,5,2,1,2
2024,      608000401,6080,4,1,6,1,2,1,1
2024,      608000501,6080,5,1,2,0,2,1,1
2024,      608002101,6080,21,1,4,2,2,1,2
2024,      608002301,6080,23,1,7,3,2,1,1
2024,      608002401,6080,24,1,4,1,2,1,1
2024,      608013801,6080,138,1,1,0,2,1,2
2024,      608014001,6080,140,1,1,1,2,1,2
2024,      610402401,6104,24,1,4,11,2,1,1
2024,      611000901,6110,9,1,2,8,2,1,4
2024,      611008001,6110,80,1,1,8,2,1,1
2024,      611211701,6112,117,1,10,6,2,1,2
2024,      611405801,6114,58,1,2,10,2,1,2
2024,      611412801,6114,128,1,0,10,2,1,2
2024,      611800801,6118,8,1,10,6,2,1,2
2024,      611801001,6118,10,1,19,0,2,1,2
2024,      611803301,6118,33,1,3,7,2,1,2
2024,      611803401,6118,34,1,19,0,2,1,1
2024,      611803801,6118,38,1,1,7,2,1,1
2024,      611803901,6118,39,1,10,0,2,1,2
2024,      611804101,6118,41,1,13,6,2,1,1
2024,      611804201,6118,42,1,2,1,2,1,2
2024,      612506001,6125,60,1,1,6,2,1,2
2024,      612510501,6125,105,1,3,0,2,1,2
2024,      613204901,6132,49,1,5,0,2,1,2
2024,      613205001,6132,50,1,19,11,2,1,2
2024,      613207301,6132,73,1,7,0,2,1,2
2024,      613207401,6132,74,1,19,11,2,1,1
2024,      613207501,6132,75,1,2,0,2,1,4
2024,      613207601,6132,76,1,0,8,2,1,1
2024,      613309901,6133,99,1,9,0,2,1,2
2024,      613310001,6133,100,1,5,9,2,1,2
2024,      613310101,6133,101,1,0,1,2,1,2
2024,      613310201,6133,102,1,2,0,2,1,1
2024,      613404201,6134,42,1,2,9,2,1,2
2024,      613408201,6134,82,1,1,9,2,1,2
2024,      615010301,6150,103,1,0,4,2,1,2
2024,      615200601,6152,6,1,6,0,2,1,2
2024,      615204801,6152,48,1,4,98,2,1,2
2024,      615207801,6152,78,1,10,98,2,1,2
2024,      615301101,6153,11,1,6,8,2,1,2
2024,      615304601,6153,46,1,2,0,2,1,1
2024,      615305201,6153,52,1,5,0,1,1,1
2024,      615305201,6153,52,1,5,0,2,2,2
2024,      615305601,6153,56,1,2,0,2,1,1
2024,      615306101,6153,61,1,1,0,2,1,2
2024,      617504801,6175,48,1,6,7,2,1,1
2024,      619301001,6193,10,1,0,4,2,1,2
2024,      619705201,6197,52,1,8,0,2,1,2
2024,      620804701,6208,47,1,4,0,2,1,2
2024,      620807501,6208,75,1,4,0,2,1,2
2024,      620907401,6209,74,1,2,6,2,1,4
2024,      621801201,6218,12,1,0,1,2,1,2
2024,      621902101,6219,21,1,0,1,2,1,2
2024,      621902201,6219,22,1,0,1,2,1,2
2024,      621902401,6219,24,1,0,1,1,1,1
2024,      621902401,6219,24,1,0,1,1,2,2
2024,      621902401,6219,24,1,0,1,2,3,3
2024,      621902501,6219,25,1,0,1,2,1,2
2024,      621905601,6219,56,1,2,0,1,1,1
2024,      621905601,6219,56,1,2,0,1,2,2
2024,      621905601,6219,56,1,2,0,1,3,3
2024,      621905601,6219,56,1,2,0,2,4,4
2024,      621905801,6219,58,1,0,1,1,1,1
2024,      621905801,6219,58,1,0,1,2,2,2
2024,      621905901,6219,59,1,0,1,2,1,2
2024,      621906001,6219,60,1,0,1,1,1,3
2024,      621906001,6219,60,1,0,1,2,2,4
2024,      621911901,6219,119,1,2,0,1,1,1
2024,      621911901,6219,119,1,2,0,1,2,2
2024,      621911901,6219,119,1,2,0,1,3,3
2024,      621911901,6219,119,1,2,0,1,4,4
2024,      621911901,6219,119,1,2,0,1,5,5
2024,      621911901,6219,119,1,2,0,2,6,6
2024,      621912001,6219,120,1,0,6,2,1,3
2024,      622108501,6221,85,1,2,0,2,1,1
2024,      623407401,6234,74,1,10,0,1,1,2
2024,      623407401,6234,74,1,9,0,2,2,5
2024,      623407501,6234,75,1,2,0,1,1,5
2024,      623407501,6234,75,1,2,0,1,2,6
2024,      623407501,6234,75,1,0,3,2,3,7
2024,      623407901,6234,79,1,3,0,2,1,1
2024,      623709701,6237,97,1,4,0,1,1,2
2024,      623709701,6237,97,1,4,0,1,2,3
2024,      623709701,6237,97,1,4,0,1,3,4
2024,      623709701,6237,97,1,0,4,1,4,5
2024,      623709701,6237,97,1,4,0,2,5,6
2024,      624507301,6245,73,1,0,1,2,1,2
2024,      625501501,6255,15,1,3,6,2,1,3
2024,      625506701,6255,67,1,0,6,2,1,1
2024,      628616501,6286,165,1,1,9,1,1,1
2024,      628616501,6286,165,1,3,9,1,2,2
2024,      628616501,6286,165,1,3,9,1,3,3
2024,      628616501,6286,165,1,3,9,1,4,4
2024,      628616501,6286,165,1,3,9,1,5,5
2024,      628616501,6286,165,1,1,9,2,6,6
2024,      629500801,6295,8,1,0,5,2,1,1
2024,      629700101,6297,1,1,3,11,1,1,1
2024,      629700101,6297,1,1,3,11,1,2,2
2024,      629700101,6297,1,1,3,11,1,3,3
2024,      629700101,6297,1,1,3,11,2,4,4
2024,      631603101,6316,31,1,17,9,2,1,2
2024,      636108501,6361,85,1,2,11,2,1,2
2024,      636515601,6365,156,1,2,3,2,1,2
2024,      638015701,6380,157,1,5,0,2,1,2
2024,      638100101,6381,1,1,0,3,2,1,1
2024,      638101201,6381,12,1,0,3,2,1,1
2024,      638108001,6381,80,1,0,11,2,1,1
2024,      638700301,6387,3,1,5,6,2,1,2
2024,      638700401,6387,4,1,2,6,2,1,3
2024,      638703401,6387,34,1,10,6,2,1,2
2024,      638703601,6387,36,1,1,6,2,1,2
2024,      638703801,6387,38,1,6,6,2,1,2
2024,      638800901,6388,9,1,1,8,2,1,2
2024,      638802401,6388,24,1,12,98,2,1,2
2024,      638802701,6388,27,1,1,7,2,1,1
2024,      638901901,6389,19,1,0,6,2,1,2
2024,      638902901,6389,29,1,0,4,2,1,2
2024,      638907101,6389,71,1,0,2,2,1,2
2024,      638907201,6389,72,1,0,4,2,1,2
2024,      639007501,6390,75,1,3,9,2,1,2
2024,      639206901,6392,69,1,5,8,2,1,1
2024,      640400301,6404,3,1,1,0,2,1,2
2024,      640400901,6404,9,1,11,6,2,1,5
2024,      640404601,6404,46,1,4,0,2,1,2
2024,      640405701,6404,57,1,4,6,1,1,2
2024,      640405701,6404,57,1,2,6,2,2,5
2024,      640901301,6409,13,1,2,0,2,1,2
2024,      642205201,6422,52,1,0,7,2,1,1
2024,      642207801,6422,78,1,1,0,2,1,1
2024,      642303901,6423,39,1,19,0,2,1,2
2024,      642304101,6423,41,1,10,0,2,1,2
2024,      642307001,6423,70,1,0,11,2,1,2
2024,      642307201,6423,72,1,0,11,2,1,1
2024,      642405301,6424,53,1,7,10,2,1,1
2024,      642601401,6426,14,1,0,1,2,1,2
2024,      642601501,6426,15,1,0,8,2,1,3
2024,      642802201,6428,22,1,1,0,2,1,2
2024,      642802401,6428,24,1,1,0,2,1,1
2024,      643700101,6437,1,1,2,0,2,1,2
2024,      643700401,6437,4,1,1,11,2,1,1
2024,      644010801,6440,108,1,2,0,2,1,2
2024,      645408501,6454,85,1,0,6,2,1,1
2024,      645802201,6458,22,1,4,11,2,1,2
2024,      646900101,6469,1,1,3,0,1,1,2
2024,      646900101,6469,1,1,3,0,2,2,3
2024,      646900501,6469,5,1,2,0,2,1,1
2024,      646901601,6469,16,1,15,11,1,1,1
2024,      646901601,6469,16,1,10,11,1,2,4
2024,      646901601,6469,16,1,8,11,1,3,5
2024,      646901601,6469,16,1,1,7,2,4,6
2024,      646901801,6469,18,1,10,11,1,1,1
2024,      646901801,6469,18,1,10,11,1,2,2
2024,      646901801,6469,18,1,10,11,1,3,3
2024,      646901801,6469,18,1,2,11,2,4,4
2024,      646901901,6469,19,1,6,0,2,1,1
2024,      646902901,6469,29,1,10,0,1,1,2
2024,      646902901,6469,29,1,11,0,1,2,3
2024,      646902901,6469,29,1,9,0,2,3,4
2024,      646904601,6469,46,1,15,0,1,1,1
2024,      646904601,6469,46,1,3,0,2,2,2
2024,      648900601,6489,6,1,3,0,2,1,2
2024,      648900701,6489,7,1,10,0,1,1,2
2024,      648900701,6489,7,1,1,0,2,2,3
2024,      648900901,6489,9,1,10,0,2,1,2
2024,      648901001,6489,10,1,6,0,2,1,1
2024,      648903601,6489,36,1,0,2,2,1,2
2024,      648911401,6489,114,1,12,0,2,1,2
2024,      649008901,6490,89,1,1,1,2,1,1
2024,      649016401,6490,164,1,1,8,2,1,2
2024,      651104201,6511,42,1,3,5,2,1,1
2024,      651106601,6511,66,1,0,7,2,1,1
