ID1,HHID,QHCLUSTER,QHNUMBER,QHHOME,PS107_1A,PS107_1M,PS107_1S,PS6,HVIDX
2024,      325904501,3259,45,1,1,2,2,1,4
2024,      326011901,3260,119,1,0,6,2,1,4
2024,      326204401,3262,44,1,0,2,2,1,3
2024,      327200501,3272,5,1,0,5,2,1,5
2024,      327708801,3277,88,1,0,1,2,1,6
2024,      328111201,3281,112,1,0,1,2,1,3
2024,      328800901,3288,9,1,0,5,2,1,3
2024,      329206201,3292,62,1,0,1,2,1,5
2024,      329411401,3294,114,1,1,4,2,1,3
2024,      329413401,3294,134,1,0,1,2,1,4
2024,      329708601,3297,86,1,0,5,2,1,4
2024,      329800901,3298,9,1,0,3,2,1,4
2024,      330315301,3303,153,1,0,9,2,1,5
2024,      330402201,3304,22,1,1,0,2,1,3
2024,      330505701,3305,57,1,0,3,2,1,4
2024,      330507301,3305,73,1,0,4,2,1,4
2024,      330900901,3309,9,1,1,5,2,1,4
2024,      330909801,3309,98,1,1,0,2,1,4
2024,      330911001,3309,110,1,0,7,2,1,5
2024,      331913101,3319,131,1,1,3,2,1,4
2024,      331913801,3319,138,1,1,4,2,1,5
2024,      332400901,3324,9,1,1,5,2,1,4
2024,      332605901,3326,59,1,1,0,2,1,4
2024,      333207901,3332,79,1,0,1,2,1,3
2024,      333302301,3333,23,1,0,10,2,1,4
2024,      333306301,3333,63,1,1,6,1,1,6
2024,      333306301,3333,63,1,0,6,2,2,7
2024,      334203101,3342,31,1,0,1,2,1,5
2024,      334404301,3344,43,1,1,3,2,1,4
2024,      337209201,3372,92,1,0,3,2,1,3
2024,      337211401,3372,114,1,1,5,2,1,4
2024,      337604501,3376,45,1,1,5,2,1,4
2024,      339800701,3398,7,1,0,11,2,1,6
2024,      340300601,3403,6,1,0,1,2,1,3
2024,      340705401,3407,54,1,1,3,2,1,3
2024,      341403301,3414,33,1,0,1,2,1,3
2024,      341603901,3416,39,1,0,8,2,1,4
2024,      341606501,3416,65,1,1,6,2,1,4
2024,      341611201,3416,112,1,0,6,2,1,3
2024,      342903501,3429,35,1,1,6,2,1,5
2024,      343606101,3436,61,1,1,6,2,1,3
2024,      343704901,3437,49,1,0,8,2,1,4
2024,      343807401,3438,74,1,0,9,2,1,4
2024,      344914001,3449,140,1,0,2,2,1,4
2024,      345600501,3456,5,1,0,1,2,1,3
2024,      347209601,3472,96,1,0,4,2,1,3
2024,      347302901,3473,29,1,0,6,2,1,4
2024,      347401101,3474,11,1,0,1,2,1,2
2024,      347702401,3477,24,1,1,0,2,1,2
2024,      347803501,3478,35,1,0,4,2,1,3
2024,      347913201,3479,132,1,0,5,2,1,3
2024,      347916001,3479,160,1,0,6,2,1,3
2024,      349505401,3495,54,1,0,5,2,1,4
2024,      349603901,3496,39,1,0,3,2,1,3
2024,      349905301,3499,53,1,0,6,2,1,3
2024,      350403301,3504,33,1,0,3,2,1,5
2024,      350906501,3509,65,1,0,4,2,1,3
2024,      352507601,3525,76,1,0,1,2,1,9
2024,      354809101,3548,91,1,0,1,2,1,3
2024,      357800101,3578,1,1,0,1,2,1,3
2024,      358911101,3589,111,1,0,1,2,1,5
2024,      359006501,3590,65,1,0,1,2,1,4
2024,      359402601,3594,26,1,1,1,2,1,3
2024,      359404201,3594,42,1,0,5,2,1,6
2024,      359406901,3594,69,1,1,3,2,1,4
2024,      364001501,3640,15,1,0,7,2,1,6
2024,      364806501,3648,65,1,0,6,2,1,4
2024,      364907801,3649,78,1,0,2,2,1,5
2024,      365001601,3650,16,1,1,2,2,1,3
2024,      365202801,3652,28,1,0,4,2,1,3
2024,      365206801,3652,68,1,0,3,2,1,3
2024,      365209601,3652,96,1,0,2,2,1,5
2024,      365706301,3657,63,1,0,1,2,1,3
2024,      365712801,3657,128,1,0,4,2,1,5
2024,      366002301,3660,23,1,0,6,2,1,3
2024,      367106401,3671,64,1,0,6,2,1,4
2024,      367107801,3671,78,1,0,3,2,1,6
2024,      367201101,3672,11,1,1,5,2,1,7
2024,      369302401,3693,24,1,0,5,2,1,4
2024,      370609401,3706,94,1,0,2,2,1,3
2024,      371806501,3718,65,1,0,8,2,1,4
2024,      372807601,3728,76,1,2,3,2,1,5
2024,      374103901,3741,39,1,0,4,2,1,4
2024,      374105101,3741,51,1,0,6,2,1,3
2024,      374700301,3747,3,1,1,3,2,1,4
2024,      375404801,3754,48,1,0,5,2,1,4
2024,      375700901,3757,9,1,1,6,2,1,3
2024,      375708401,3757,84,1,1,0,2,1,3
2024,      376217601,3762,176,1,1,6,2,1,3
2024,      376307701,3763,77,1,0,6,2,1,5
2024,      376406601,3764,66,1,0,1,2,1,3
2024,      376706401,3767,64,1,2,0,2,1,4
2024,      376707501,3767,75,1,0,4,2,1,4
2024,      376709701,3767,97,1,1,5,2,1,3
2024,      377004801,3770,48,1,1,0,2,1,5
2024,      377212401,3772,124,1,0,1,2,1,5
2024,      377216401,3772,164,1,0,5,2,1,5
2024,      377306101,3773,61,1,0,2,2,1,5
2024,      377315501,3773,155,1,0,8,2,1,7
2024,      377410701,3774,107,1,1,2,2,1,2
2024,      377500501,3775,5,1,0,2,2,1,3
2024,      377809301,3778,93,1,0,4,2,1,3
2024,      378003001,3780,30,1,0,5,2,1,3
2024,      379004701,3790,47,1,0,3,2,1,3
2024,      380107001,3801,70,1,0,1,2,1,5
2024,      380203801,3802,38,1,1,7,2,1,4
2024,      380205501,3802,55,1,2,3,2,1,3
2024,      380408601,3804,86,1,0,5,2,1,4
2024,      382607301,3826,73,1,1,8,2,1,4
2024,      383003101,3830,31,1,1,6,2,1,6
2024,      383003301,3830,33,1,0,6,2,1,4
2024,      383007101,3830,71,1,0,6,2,1,3
2024,      383700101,3837,1,1,1,2,2,1,3
2024,      384116501,3841,165,1,0,1,2,1,3
2024,      384200201,3842,2,1,0,8,2,1,4
2024,      384205101,3842,51,1,2,0,2,1,4
2024,      384207301,3842,73,1,0,7,2,1,4
2024,      384309301,3843,93,1,0,1,2,1,5
2024,      384403101,3844,31,1,0,3,2,1,3
2024,      384405701,3844,57,1,0,1,2,1,4
2024,      385007001,3850,70,1,0,5,2,1,4
2024,      385204201,3852,42,1,1,3,2,1,4
2024,      386809501,3868,95,1,0,4,2,1,3
2024,      387003101,3870,31,1,0,2,1,1,5
2024,      387003101,3870,31,1,0,2,2,2,6
2024,      387504501,3875,45,1,1,7,2,1,4
2024,      387900501,3879,5,1,0,8,2,1,4
2024,      388004001,3880,40,1,0,6,2,1,7
2024,      388008101,3880,81,1,0,3,2,1,6
2024,      388304201,3883,42,1,0,5,2,1,4
2024,      388309501,3883,95,1,0,5,2,1,4
2024,      388505601,3885,56,1,0,5,1,1,5
2024,      388505601,3885,56,1,0,5,2,2,6
2024,      388910101,3889,101,1,0,6,2,1,5
2024,      389105201,3891,52,1,0,3,2,1,3
2024,      391514701,3915,147,1,0,8,2,1,4
2024,      392000901,3920,9,1,0,1,2,1,3
2024,      394103001,3941,30,1,1,5,2,1,2
2024,      395105401,3951,54,1,0,8,1,1,4
2024,      395105401,3951,54,1,0,8,2,2,5
2024,      395305101,3953,51,1,1,11,2,1,3
2024,      395501601,3955,16,1,0,1,2,1,3
2024,      396000101,3960,1,1,0,1,2,1,3
2024,      396003701,3960,37,1,0,9,2,1,4
2024,      396005001,3960,50,1,0,6,2,1,5
2024,      396107401,3961,74,1,0,8,2,1,4
2024,      397309601,3973,96,1,0,6,2,1,6
2024,      397612501,3976,125,1,0,5,2,1,3
2024,      398709701,3987,97,1,1,6,2,1,8
2024,      398709801,3987,98,1,0,2,2,1,8
2024,      399700401,3997,4,1,1,7,2,1,3
2024,      400506801,4005,68,1,1,4,2,1,5
2024,      401313401,4013,134,1,1,0,2,1,3
2024,      401611701,4016,117,1,0,9,2,1,4
2024,      402003101,4020,31,1,0,2,2,1,4
2024,      402301701,4023,17,1,1,2,2,1,4
2024,      402308901,4023,89,1,0,6,2,1,3
2024,      402400901,4024,9,1,1,4,2,1,3
2024,      402814101,4028,141,1,0,10,2,1,3
2024,      405402301,4054,23,1,1,0,2,1,2
2024,      406005501,4060,55,1,0,10,2,1,4
2024,      406202201,4062,22,1,0,1,2,1,4
2024,      406501701,4065,17,1,0,1,2,1,5
2024,      406707301,4067,73,1,1,6,2,1,4
2024,      406707501,4067,75,1,1,0,2,1,3
2024,      406804901,4068,49,1,0,11,2,1,4
2024,      408400201,4084,2,1,1,11,2,1,2
2024,      409200801,4092,8,1,0,4,2,1,4
2024,      409412901,4094,129,1,0,4,2,1,5
2024,      409512501,4095,125,1,1,8,2,1,5
2024,      410607801,4106,78,1,0,11,2,1,7
2024,      410610601,4106,106,1,0,7,2,1,5
2024,      412103801,4121,38,1,0,1,2,1,4
2024,      412204501,4122,45,1,0,6,2,1,3
2024,      412806201,4128,62,1,0,8,2,1,4
2024,      413006701,4130,67,1,0,3,2,1,8
2024,      413802501,4138,25,1,0,2,2,1,5
2024,      415005701,4150,57,1,0,6,2,1,3
2024,      415402701,4154,27,1,0,3,2,1,5
2024,      417502501,4175,25,1,0,5,2,1,6
2024,      417503501,4175,35,1,0,2,2,1,3
2024,      417508001,4175,80,1,2,8,2,1,4
2024,      418307701,4183,77,1,1,10,2,1,4
2024,      418312401,4183,124,1,0,6,2,1,4
2024,      418510201,4185,102,1,0,8,1,1,4
2024,      418510201,4185,102,1,0,8,2,2,5
2024,      418808001,4188,80,1,0,9,2,1,4
2024,      418907701,4189,77,1,0,2,2,1,3
2024,      419408301,4194,83,1,1,6,2,1,5
2024,      419704101,4197,41,1,0,2,2,1,5
2024,      419707901,4197,79,1,0,1,2,1,5
2024,      419709001,4197,90,1,0,9,2,1,3
2024,      420308401,4203,84,1,0,6,2,1,3
2024,      420704901,4207,49,1,0,3,2,1,3
2024,      421604601,4216,46,1,0,4,2,1,4
2024,      421702401,4217,24,1,1,6,2,1,2
2024,      421901501,4219,15,1,0,2,2,1,3
2024,      423302101,4233,21,1,0,4,2,1,3
2024,      423807201,4238,72,1,0,6,2,1,3
2024,      424101901,4241,19,1,2,4,2,1,3
2024,      424704001,4247,40,1,0,10,2,1,3
2024,      425607001,4256,70,1,1,7,2,1,4
2024,      426700401,4267,4,1,1,8,2,1,3
2024,      427012501,4270,125,1,0,8,2,1,4
2024,      427902201,4279,22,1,1,1,2,1,5
2024,      428601401,4286,14,1,0,1,2,1,3
2024,      428902001,4289,20,1,1,2,2,1,2
2024,      429203201,4292,32,1,0,7,2,1,3
2024,      429402401,4294,24,1,0,11,2,1,7
2024,      429500601,4295,6,1,1,7,2,1,3
2024,      429703601,4297,36,1,0,8,2,1,4
2024,      429804901,4298,49,1,0,8,2,1,3
2024,      429806301,4298,63,1,0,3,2,1,3
2024,      430008101,4300,81,1,0,1,2,1,3
2024,      430112601,4301,126,1,0,2,2,1,5
2024,      430206802,4302,68,2,0,1,2,1,4
2024,      430208501,4302,85,1,0,8,2,1,4
2024,      430214201,4302,142,1,0,10,2,1,6
2024,      430711101,4307,111,1,0,3,2,1,4
2024,      430904301,4309,43,1,0,2,2,1,3
2024,      431101701,4311,17,1,1,1,2,1,6
2024,      431302901,4313,29,1,1,9,2,1,4
2024,      431309201,4313,92,1,2,5,2,1,4
2024,      431408801,4314,88,1,0,3,2,1,3
2024,      431603301,4316,33,1,0,2,2,1,3
2024,      431710201,4317,102,1,0,4,2,1,3
2024,      432004501,4320,45,1,0,5,2,1,3
2024,      432201201,4322,12,1,0,5,2,1,5
2024,      432800901,4328,9,1,0,8,2,1,4
2024,      432900801,4329,8,1,0,1,2,1,3
2024,      433703101,4337,31,1,1,2,2,1,6
2024,      434411701,4344,117,1,0,11,2,1,4
2024,      435108001,4351,80,1,0,1,2,1,6
2024,      437011101,4370,111,1,1,0,2,1,5
2024,      438406601,4384,66,1,0,2,2,1,4
2024,      438515301,4385,153,1,0,7,2,1,4
2024,      438705001,4387,50,1,0,6,2,1,3
2024,      438710901,4387,109,1,2,0,2,1,4
2024,      440109002,4401,90,2,1,4,2,1,3
2024,      440201001,4402,10,1,1,2,2,1,4
2024,      441101001,4411,10,1,0,1,2,1,4
2024,      441800801,4418,8,1,1,2,2,1,6
2024,      441904101,4419,41,1,0,6,2,1,4
2024,      442210301,4422,103,1,1,4,2,1,2
2024,      442216101,4422,161,1,1,4,2,1,7
2024,      443702901,4437,29,1,0,1,2,1,5
2024,      443803201,4438,32,1,0,8,2,1,3
2024,      443803701,4438,37,1,1,4,2,1,5
2024,      443804101,4438,41,1,0,7,2,1,4
2024,      443804401,4438,44,1,0,1,2,1,3
2024,      443805401,4438,54,1,2,0,2,1,5
2024,      445104601,4451,46,1,2,0,2,1,4
2024,      448711801,4487,118,1,1,4,2,1,4
2024,      449506501,4495,65,1,1,0,2,1,5
2024,      449814701,4498,147,1,0,8,2,1,9
2024,      449908401,4499,84,1,1,0,2,1,3
2024,      450509301,4505,93,1,2,2,2,1,3
2024,      450600701,4506,7,1,1,2,2,1,7
2024,      453501601,4535,16,1,0,2,2,1,4
2024,      454013501,4540,135,1,1,2,2,1,8
2024,      455901901,4559,19,1,1,0,2,1,3
2024,      456300401,4563,4,1,0,1,2,1,5
2024,      456401401,4564,14,1,0,2,2,1,3
2024,      456814301,4568,143,1,0,2,2,1,3
2024,      457307701,4573,77,1,1,2,2,1,6
2024,      457308001,4573,80,1,2,11,2,1,3
2024,      457308201,4573,82,1,1,6,2,1,4
2024,      458904801,4589,48,1,2,0,2,1,6
2024,      462701401,4627,14,1,2,5,2,1,6
2024,      465508601,4655,86,1,1,3,2,1,4
2024,      466008501,4660,85,1,0,1,2,1,6
2024,      466216401,4662,164,1,0,3,2,1,4
2024,      467104001,4671,40,1,1,1,1,1,4
2024,      467104001,4671,40,1,1,1,2,2,5
2024,      467802001,4678,20,1,0,1,2,1,5
2024,      467804401,4678,44,1,0,2,2,1,4
2024,      469007101,4690,71,1,1,2,2,1,4
2024,      469502101,4695,21,1,0,4,2,1,6
2024,      469502701,4695,27,1,1,3,2,1,3
2024,      469502801,4695,28,1,1,4,2,1,3
2024,      469516301,4695,163,1,0,5,2,1,6
2024,      472806201,4728,62,1,1,4,2,1,4
2024,      473107301,4731,73,1,1,0,2,1,4
2024,      473201001,4732,10,1,1,1,2,1,2
2024,      473501401,4735,14,1,2,5,2,1,2
2024,      473611201,4736,112,1,0,7,2,1,3
2024,      474301701,4743,17,1,1,1,2,1,4
2024,      474305401,4743,54,1,0,7,2,1,3
2024,      474309301,4743,93,1,0,1,2,1,5
2024,      474412201,4744,122,1,1,5,2,1,7
2024,      474603101,4746,31,1,1,2,2,1,4
2024,      474902901,4749,29,1,1,5,2,1,3
2024,      474904501,4749,45,1,1,5,2,1,6
2024,      474908901,4749,89,1,0,1,2,1,4
2024,      475406101,4754,61,1,2,4,2,1,4
2024,      475603601,4756,36,1,0,2,2,1,5
2024,      475708801,4757,88,1,0,5,2,1,5
2024,      475802701,4758,27,1,1,0,2,1,5
2024,      476104801,4761,48,1,0,8,1,1,5
2024,      476104801,4761,48,1,0,8,2,2,6
2024,      476106401,4761,64,1,2,0,2,1,4
2024,      476109601,4761,96,1,1,5,2,1,4
2024,      477700301,4777,3,1,0,2,1,1,6
2024,      477700301,4777,3,1,0,2,2,2,7
2024,      477703302,4777,33,2,0,1,2,1,2
2024,      478705601,4787,56,1,0,1,2,1,4
2024,      478803201,4788,32,1,1,2,2,1,5
2024,      479001601,4790,16,1,1,2,2,1,3
2024,      481204201,4812,42,1,1,6,2,1,3
2024,      481307401,4813,74,1,0,1,2,1,3
2024,      482506701,4825,67,1,0,3,2,1,6
2024,      482812301,4828,123,1,0,1,2,1,4
2024,      483002601,4830,26,1,0,1,2,1,4
2024,      483601501,4836,15,1,0,8,2,1,5
2024,      483706701,4837,67,1,0,1,2,1,3
2024,      483802201,4838,22,1,0,1,2,1,6
2024,      483803101,4838,31,1,1,4,2,1,3
2024,      483805401,4838,54,1,0,6,2,1,3
2024,      484305201,4843,52,1,0,8,2,1,5
2024,      484601401,4846,14,1,0,9,2,1,3
2024,      484902902,4849,29,2,1,3,2,1,3
2024,      484908901,4849,89,1,0,3,2,1,4
2024,      485015701,4850,157,1,1,2,2,1,4
2024,      485510501,4855,105,1,0,5,2,1,7
2024,      485800501,4858,5,1,0,1,2,1,4
2024,      485807901,4858,79,1,0,1,2,1,6
2024,      486311701,4863,117,1,0,10,2,1,4
2024,      486403701,4864,37,1,0,2,2,1,4
2024,      486619301,4866,193,1,1,6,2,1,5
2024,      486619501,4866,195,1,2,3,2,1,3
2024,      486619601,4866,196,1,1,2,2,1,3
2024,      487114501,4871,145,1,1,2,2,1,7
2024,      487606301,4876,63,1,1,0,2,1,6
2024,      487715901,4877,159,1,1,98,2,1,3
2024,      488106501,4881,65,1,1,1,2,1,7
2024,      488109501,4881,95,1,1,1,2,1,4
2024,      488605101,4886,51,1,0,6,2,1,4
2024,      489010701,4890,107,1,1,0,2,1,2
2024,      489200201,4892,2,1,0,3,2,1,6
2024,      489204101,4892,41,1,0,3,2,1,3
2024,      490706101,4907,61,1,1,7,2,1,4
2024,      490806701,4908,67,1,2,5,2,1,4
2024,      490811201,4908,112,1,1,11,1,1,3
2024,      490811201,4908,112,1,0,6,2,2,4
2024,      491311701,4913,117,1,2,11,2,1,5
2024,      491400701,4914,7,1,0,2,2,1,2
2024,      491404801,4914,48,1,0,1,2,1,5
2024,      492305301,4923,53,1,0,7,2,1,5
2024,      492307201,4923,72,1,1,6,2,1,3
2024,      492418401,4924,184,1,0,1,2,1,3
2024,      492506901,4925,69,1,0,4,2,1,2
2024,      492513801,4925,138,1,0,8,2,1,3
2024,      492616601,4926,166,1,0,2,2,1,3
2024,      492701201,4927,12,1,1,6,2,1,2
2024,      492710501,4927,105,1,0,10,2,1,3
2024,      493202701,4932,27,1,0,5,2,1,5
2024,      493203001,4932,30,1,1,3,2,1,2
2024,      493208401,4932,84,1,2,4,1,1,3
2024,      493208401,4932,84,1,2,4,2,2,4
2024,      493601101,4936,11,1,0,1,2,1,4
2024,      493611501,4936,115,1,0,6,2,1,6
2024,      494512201,4945,122,1,0,3,2,1,3
2024,      495201501,4952,15,1,0,6,2,1,4
2024,      495304601,4953,46,1,0,1,2,1,4
2024,      495501801,4955,18,1,0,4,2,1,3
2024,      495707501,4957,75,1,0,11,2,1,6
2024,      495711601,4957,116,1,0,5,2,1,4
2024,      496910801,4969,108,1,0,3,2,1,2
2024,      497004301,4970,43,1,1,5,2,1,3
2024,      497102601,4971,26,1,0,6,2,1,4
2024,      497501101,4975,11,1,1,8,2,1,5
2024,      497506801,4975,68,1,1,6,2,1,6
2024,      497507101,4975,71,1,0,7,2,1,5
2024,      497507501,4975,75,1,0,4,2,1,4
2024,      499601501,4996,15,1,1,0,2,1,3
2024,      502707501,5027,75,1,0,5,2,1,4
2024,      503904201,5039,42,1,0,7,2,1,6
2024,      503909301,5039,93,1,2,0,2,1,3
2024,      504102101,5041,21,1,0,3,2,1,3
2024,      504300401,5043,4,1,0,4,2,1,6
2024,      504304001,5043,40,1,1,6,2,1,4
2024,      504306901,5043,69,1,0,6,2,1,5
2024,      504502201,5045,22,1,0,5,2,1,5
2024,      505706201,5057,62,1,0,3,2,1,4
2024,      505812201,5058,122,1,1,0,2,1,5
2024,      505903701,5059,37,1,1,6,2,1,3
2024,      505905601,5059,56,1,1,0,2,1,5
2024,      506109001,5061,90,1,0,1,2,1,5
2024,      507107301,5071,73,1,0,6,2,1,2
2024,      507108701,5071,87,1,1,4,2,1,3
2024,      509006701,5090,67,1,0,4,2,1,4
2024,      509103001,5091,30,1,0,1,2,1,4
2024,      509109101,5091,91,1,0,9,2,1,4
2024,      510007901,5100,79,1,0,6,2,1,3
2024,      510508301,5105,83,1,0,4,2,1,5
2024,      510709101,5107,91,1,1,9,2,1,5
2024,      510903001,5109,30,1,0,7,2,1,4
2024,      511605001,5116,50,1,0,3,2,1,5
2024,      512408301,5124,83,1,1,0,2,1,4
2024,      512709201,5127,92,1,0,2,2,1,3
2024,      513108501,5131,85,1,1,6,2,1,4
2024,      514702301,5147,23,1,0,1,2,1,3
2024,      514818601,5148,186,1,0,6,2,1,6
2024,      514909601,5149,96,1,0,8,2,1,7
2024,      516108301,5161,83,1,1,9,2,1,3
2024,      521708701,5217,87,1,0,9,2,1,5
2024,      521808401,5218,84,1,0,1,2,1,2
2024,      522104301,5221,43,1,1,7,2,1,4
2024,      522503601,5225,36,1,0,1,2,1,2
2024,      523207301,5232,73,1,0,4,2,1,3
2024,      524210201,5242,102,1,0,4,2,1,4
2024,      524211801,5242,118,1,0,4,2,1,6
2024,      525701501,5257,15,1,0,7,2,1,4
2024,      526511001,5265,110,1,0,6,2,1,5
2024,      526608401,5266,84,1,1,9,2,1,3
2024,      527207601,5272,76,1,1,8,2,1,4
2024,      527212001,5272,120,1,0,9,2,1,2
2024,      527313101,5273,131,1,0,7,2,1,3
2024,      527402901,5274,29,1,1,7,2,1,6
2024,      528101301,5281,13,1,0,2,2,1,9
2024,      528707301,5287,73,1,0,2,2,1,3
2024,      529203101,5292,31,1,0,1,2,1,5
2024,      529301401,5293,14,1,0,1,2,1,3
2024,      529401001,5294,10,1,1,0,2,1,4
2024,      529800601,5298,6,1,1,0,2,1,4
2024,      530801701,5308,17,1,0,8,2,1,3
2024,      531310301,5313,103,1,1,7,2,1,3
2024,      531800101,5318,1,1,0,1,2,1,3
2024,      531803101,5318,31,1,2,2,2,1,3
2024,      531805301,5318,53,1,1,8,2,1,4
2024,      531811501,5318,115,1,1,3,2,1,6
2024,      532010201,5320,102,1,0,7,2,1,2
2024,      532715701,5327,157,1,0,1,2,1,8
2024,      533109501,5331,95,1,0,2,2,1,4
2024,      534106801,5341,68,1,0,4,2,1,4
2024,      534511401,5345,114,1,0,4,2,1,4
2024,      534511501,5345,115,1,0,6,2,1,3
2024,      535009101,5350,91,1,0,9,2,1,4
2024,      535403201,5354,32,1,0,1,2,1,5
2024,      537004001,5370,40,1,0,3,2,1,6
2024,      538103701,5381,37,1,0,1,2,1,5
2024,      538106101,5381,61,1,0,2,2,1,3
2024,      538300701,5383,7,1,0,1,2,1,4
2024,      538402001,5384,20,1,1,6,2,1,4
2024,      538500501,5385,5,1,0,3,2,1,6
2024,      538503801,5385,38,1,0,11,2,1,3
2024,      538807001,5388,70,1,0,5,2,1,3
2024,      538808301,5388,83,1,0,6,2,1,3
2024,      538907701,5389,77,1,0,4,2,1,2
2024,      539104301,5391,43,1,0,5,2,1,6
2024,      539208501,5392,85,1,1,8,2,1,6
2024,      539414701,5394,147,1,2,0,2,1,4
2024,      539506001,5395,60,1,0,6,2,1,4
2024,      539509401,5395,94,1,0,2,2,1,2
2024,      539604201,5396,42,1,1,10,2,1,3
2024,      539811401,5398,114,1,0,2,2,1,5
2024,      540107201,5401,72,1,2,2,2,1,3
2024,      540207801,5402,78,1,1,0,2,1,3
2024,      540502201,5405,22,1,0,8,2,1,6
2024,      541912101,5419,121,1,0,9,2,1,5
2024,      542203701,5422,37,1,1,3,2,1,4
2024,      543603001,5436,30,1,0,3,2,1,3
2024,      543604901,5436,49,1,0,5,2,1,5
2024,      543606301,5436,63,1,0,3,2,1,4
2024,      546404301,5464,43,1,1,4,2,1,3
2024,      546711801,5467,118,1,0,3,2,1,3
2024,      546801701,5468,17,1,1,4,2,1,4
2024,      546806601,5468,66,1,0,4,2,1,3
2024,      546907001,5469,70,1,0,3,2,1,3
2024,      547006401,5470,64,1,0,8,2,1,3
2024,      547303101,5473,31,1,0,2,2,1,5
2024,      547306001,5473,60,1,1,0,2,1,3
2024,      547407101,5474,71,1,0,3,2,1,4
2024,      547509701,5475,97,1,1,3,2,1,3
2024,      547601201,5476,12,1,0,8,2,1,7
2024,      547809301,5478,93,1,0,7,2,1,2
2024,      547809501,5478,95,1,0,6,2,1,6
2024,      547809701,5478,97,1,0,7,2,1,3
2024,      547810001,5478,100,1,0,1,2,1,4
2024,      548500401,5485,4,1,0,2,2,1,4
2024,      549312101,5493,121,1,1,1,2,1,2
2024,      550200801,5502,8,1,2,0,2,1,2
2024,      550202901,5502,29,1,0,2,2,1,5
2024,      550205401,5502,54,1,0,1,2,1,4
2024,      551008401,5510,84,1,1,4,2,1,4
2024,      551300801,5513,8,1,1,0,2,1,3
2024,      551403001,5514,30,1,0,1,2,1,4
2024,      552000101,5520,1,1,0,4,2,1,4
2024,      552401101,5524,11,1,1,2,2,1,5
2024,      552906301,5529,63,1,0,2,2,1,5
2024,      553202301,5532,23,1,1,2,2,1,3
2024,      553503201,5535,32,1,0,1,2,1,4
2024,      553909201,5539,92,1,0,2,2,1,5
2024,      555904101,5559,41,1,0,4,2,1,6
2024,      557104801,5571,48,1,1,2,2,1,4
2024,      557110001,5571,100,1,0,7,2,1,3
2024,      557300301,5573,3,1,0,2,2,1,7
2024,      557307401,5573,74,1,0,9,2,1,3
2024,      557402501,5574,25,1,0,10,2,1,4
2024,      557504301,5575,43,1,1,6,2,1,4
2024,      557512201,5575,122,1,1,4,2,1,4
2024,      557512801,5575,128,1,1,6,2,1,2
2024,      557903701,5579,37,1,0,9,2,1,3
2024,      558406601,5584,66,1,1,1,2,1,6
2024,      558600301,5586,3,1,0,1,2,1,4
2024,      558804301,5588,43,1,2,0,2,1,6
2024,      558902001,5589,20,1,0,3,2,1,2
2024,      558902501,5589,25,1,0,3,2,1,4
2024,      559611201,5596,112,1,1,0,2,1,4
2024,      559912201,5599,122,1,0,6,2,1,3
2024,      563211101,5632,111,1,1,6,2,1,2
2024,      563305301,5633,53,1,1,0,2,1,4
2024,      563306401,5633,64,1,0,9,2,1,4
2024,      563709201,5637,92,1,0,4,2,1,7
2024,      564201201,5642,12,1,1,2,2,1,5
2024,      564900201,5649,2,1,1,1,1,1,5
2024,      564900201,5649,2,1,1,1,2,2,6
2024,      565208401,5652,84,1,1,3,2,1,4
2024,      565809501,5658,95,1,1,6,2,1,7
2024,      569010401,5690,104,1,0,3,2,1,3
2024,      569302201,5693,22,1,0,2,2,1,3
2024,      569609901,5696,99,1,1,0,2,1,7
2024,      569611701,5696,117,1,0,3,2,1,5
2024,      574612301,5746,123,1,0,7,2,1,8
2024,      574806701,5748,67,1,1,2,2,1,2
2024,      576204701,5762,47,1,1,3,2,1,4
2024,      576308801,5763,88,1,0,3,2,1,5
2024,      576803901,5768,39,1,0,1,2,1,5
2024,      577604402,5776,44,2,0,3,2,1,3
2024,      578414201,5784,142,1,0,2,2,1,7
2024,      579800601,5798,6,1,0,5,2,1,3
2024,      579904201,5799,42,1,0,1,2,1,3
2024,      580903301,5809,33,1,1,1,2,1,4
2024,      581002801,5810,28,1,0,3,2,1,3
2024,      581200201,5812,2,1,0,3,2,1,3
2024,      581203901,5812,39,1,2,6,2,1,3
2024,      581207501,5812,75,1,0,3,2,1,3
2024,      581407601,5814,76,1,1,4,1,1,4
2024,      581407601,5814,76,1,1,4,2,2,5
2024,      581407801,5814,78,1,1,4,2,1,5
2024,      581601101,5816,11,1,1,3,2,1,3
2024,      581701001,5817,10,1,0,2,2,1,4
2024,      582201101,5822,11,1,0,2,2,1,4
2024,      582410601,5824,106,1,0,2,2,1,3
2024,      582807501,5828,75,1,0,2,2,1,3
2024,      583003601,5830,36,1,1,1,2,1,5
2024,      583103601,5831,36,1,1,1,2,1,7
2024,      583108401,5831,84,1,1,8,2,1,6
2024,      583203301,5832,33,1,0,3,2,1,4
2024,      583205901,5832,59,1,1,1,2,1,4
2024,      583607301,5836,73,1,1,4,2,1,4
2024,      583701201,5837,12,1,0,2,2,1,6
2024,      583701501,5837,15,1,1,11,2,1,3
2024,      583702001,5837,20,1,0,2,2,1,4
2024,      583704601,5837,46,1,0,1,2,1,5
2024,      584101901,5841,19,1,0,4,2,1,3
2024,      584415901,5844,159,1,1,0,2,1,3
2024,      584903801,5849,38,1,0,2,2,1,7
2024,      584905301,5849,53,1,1,2,2,1,4
2024,      584906001,5849,60,1,0,8,2,1,8
2024,      587702201,5877,22,1,0,4,2,1,3
2024,      587703401,5877,34,1,0,4,2,1,3
2024,      587805501,5878,55,1,0,3,2,1,7
2024,      587905501,5879,55,1,0,5,2,1,3
2024,      588501801,5885,18,1,1,6,2,1,4
2024,      589312901,5893,129,1,0,10,1,1,3
2024,      589312901,5893,129,1,0,1,2,2,6
2024,      589600401,5896,4,1,0,9,2,1,5
2024,      590201701,5902,17,1,0,4,2,1,7
2024,      591601901,5916,19,1,0,5,2,1,3
2024,      592404701,5924,47,1,1,1,2,1,4
2024,      592701501,5927,15,1,1,1,2,1,5
2024,      592712201,5927,122,1,1,8,2,1,5
2024,      593309801,5933,98,1,0,4,2,1,4
2024,      593504201,5935,42,1,0,2,2,1,3
2024,      593702401,5937,24,1,0,10,2,1,3
2024,      593903001,5939,30,1,1,0,2,1,5
2024,      593903002,5939,30,2,1,3,2,1,3
2024,      594001901,5940,19,1,0,2,2,1,4
2024,      594005301,5940,53,1,0,2,2,1,5
2024,      594203801,5942,38,1,0,2,2,1,4
2024,      594502401,5945,24,1,1,0,2,1,5
2024,      594701401,5947,14,1,1,5,2,1,3
2024,      594705101,5947,51,1,1,4,2,1,3
2024,      594708201,5947,82,1,0,7,2,1,6
2024,      594711701,5947,117,1,0,8,2,1,9
2024,      594804701,5948,47,1,0,1,2,1,4
2024,      594813101,5948,131,1,0,2,2,1,4
2024,      595207601,5952,76,1,0,3,2,1,4
2024,      595407301,5954,73,1,0,1,2,1,2
2024,      596211701,5962,117,1,1,6,2,1,6
2024,      596300401,5963,4,1,1,6,2,1,4
2024,      596300801,5963,8,1,0,9,2,1,3
2024,      596406401,5964,64,1,0,1,2,1,7
2024,      597414901,5974,149,1,1,0,2,1,3
2024,      598503501,5985,35,1,0,6,2,1,3
2024,      599604301,5996,43,1,0,7,2,1,4
2024,      599909101,5999,91,1,0,4,2,1,3
2024,      600902901,6009,29,1,0,2,2,1,3
2024,      600914001,6009,140,1,0,5,2,1,4
2024,      601106601,6011,66,1,0,4,2,1,3
2024,      601202401,6012,24,1,1,0,2,1,6
2024,      601301801,6013,18,1,0,11,2,1,3
2024,      601402501,6014,25,1,0,4,2,1,2
2024,      601506001,6015,60,1,0,6,2,1,7
2024,      601516301,6015,163,1,1,7,2,1,4
2024,      601602801,6016,28,1,0,6,2,1,4
2024,      601605401,6016,54,1,2,4,2,1,4
2024,      601606501,6016,65,1,0,5,2,1,4
2024,      601703601,6017,36,1,0,7,1,1,7
2024,      601703601,6017,36,1,0,7,2,2,8
2024,      601707401,6017,74,1,0,1,2,1,3
2024,      601803201,6018,32,1,0,8,2,1,4
2024,      601803401,6018,34,1,1,4,2,1,7
2024,      602200201,6022,2,1,0,8,2,1,4
2024,      602505001,6025,50,1,1,2,1,1,5
2024,      602505001,6025,50,1,0,7,2,2,6
2024,      602505901,6025,59,1,1,11,2,1,3
2024,      602511101,6025,111,1,2,9,2,1,4
2024,      602511601,6025,116,1,0,8,2,1,4
2024,      602800902,6028,9,2,0,1,2,1,4
2024,      603107401,6031,74,1,0,10,2,1,5
2024,      603601301,6036,13,1,0,4,2,1,5
2024,      603605301,6036,53,1,0,10,2,1,3
2024,      603904701,6039,47,1,0,5,2,1,5
2024,      604004301,6040,43,1,0,1,2,1,5
2024,      604402601,6044,26,1,0,3,2,1,3
2024,      604602201,6046,22,1,0,8,2,1,3
2024,      605500201,6055,2,1,1,0,2,1,3
2024,      605506901,6055,69,1,0,8,2,1,3
2024,      605701201,6057,12,1,0,2,2,1,5
2024,      605702601,6057,26,1,1,7,2,1,5
2024,      605703201,6057,32,1,0,2,2,1,4
2024,      608904801,6089,48,1,0,8,2,1,3
2024,      609301901,6093,19,1,0,1,2,1,7
2024,      611300201,6113,2,1,0,6,2,1,4
2024,      612308801,6123,88,1,0,2,2,1,4
2024,      612506001,6125,60,1,1,3,2,1,3
2024,      612701701,6127,17,1,0,6,2,1,3
2024,      612806401,6128,64,1,0,8,2,1,3
2024,      613006101,6130,61,1,1,6,2,1,5
2024,      613101601,6131,16,1,0,2,2,1,3
2024,      613108701,6131,87,1,0,6,2,1,7
2024,      613301801,6133,18,1,1,1,2,1,5
2024,      613302001,6133,20,1,1,1,2,1,3
2024,      613302501,6133,25,1,1,0,2,1,4
2024,      614104301,6141,43,1,0,7,2,1,4
2024,      615000701,6150,7,1,1,8,2,1,3
2024,      617503801,6175,38,1,0,5,2,1,5
2024,      618002101,6180,21,1,1,6,2,1,3
2024,      618115001,6181,150,1,0,2,2,1,4
2024,      618603601,6186,36,1,0,1,2,1,3
2024,      618605601,6186,56,1,0,10,2,1,2
2024,      619702501,6197,25,1,0,4,2,1,5
2024,      619706401,6197,64,1,2,4,2,1,4
2024,      619806701,6198,67,1,1,8,2,1,5
2024,      619908901,6199,89,1,0,6,2,1,3
2024,      621201201,6212,12,1,0,11,2,1,6
2024,      621205401,6212,54,1,0,1,2,1,5
2024,      621700201,6217,2,1,0,1,2,1,5
2024,      622804701,6228,47,1,0,8,2,1,6
2024,      623402501,6234,25,1,0,4,2,1,3
2024,      624214601,6242,146,1,0,9,2,1,4
2024,      625713601,6257,136,1,0,1,2,1,3
2024,      630503601,6305,36,1,1,10,2,1,3
2024,      630608401,6306,84,1,2,7,2,1,3
2024,      630610501,6306,105,1,0,1,2,1,4
2024,      630810001,6308,100,1,0,4,2,1,7
2024,      631102301,6311,23,1,0,1,2,1,5
2024,      631102801,6311,28,1,1,8,2,1,6
2024,      631104601,6311,46,1,1,8,2,1,3
2024,      631108701,6311,87,1,1,8,2,1,4
2024,      634102401,6341,24,1,0,5,2,1,3
2024,      634300801,6343,8,1,0,2,2,1,3
2024,      635605201,6356,52,1,1,10,2,1,4
2024,      635907301,6359,73,1,0,6,2,1,3
2024,      636002901,6360,29,1,1,3,2,1,5
2024,      636805901,6368,59,1,0,10,2,1,3
2024,      636900901,6369,9,1,1,1,2,1,3
2024,      636905101,6369,51,1,0,3,1,1,4
2024,      636905101,6369,51,1,0,3,2,2,5
2024,      637300901,6373,9,1,1,9,2,1,4
2024,      637310001,6373,100,1,0,9,2,1,5
2024,      637401501,6374,15,1,0,7,2,1,4
2024,      637907601,6379,76,1,0,10,2,1,4
2024,      638005501,6380,55,1,0,1,2,1,4
2024,      638015701,6380,157,1,0,9,2,1,5
2024,      638603001,6386,30,1,0,8,2,1,4
2024,      638607001,6386,70,1,0,2,2,1,4
2024,      640401701,6404,17,1,0,6,2,1,4
2024,      640405701,6404,57,1,1,3,2,1,8
2024,      641200101,6412,1,1,1,4,2,1,3
2024,      641400901,6414,9,1,1,8,2,1,6
2024,      641601501,6416,15,1,0,7,2,1,3
2024,      641601701,6416,17,1,0,1,2,1,5
2024,      642003601,6420,36,1,0,4,2,1,4
2024,      642802901,6428,29,1,0,8,2,1,4
2024,      643002001,6430,20,1,2,7,1,1,3
2024,      643002001,6430,20,1,2,7,1,2,4
2024,      643002001,6430,20,1,1,6,2,3,5
2024,      645204101,6452,41,1,1,7,2,1,2
2024,      645402001,6454,20,1,0,4,2,1,5
2024,      645403901,6454,39,1,0,7,2,1,4
2024,      645410101,6454,101,1,0,6,2,1,4
2024,      646202001,6462,20,1,0,6,2,1,4
2024,      646202101,6462,21,1,0,2,2,1,7
2024,      646605201,6466,52,1,0,5,2,1,4
2024,      646703901,6467,39,1,1,0,2,1,3
2024,      646704501,6467,45,1,0,10,2,1,4
2024,      646813601,6468,136,1,0,1,2,1,4
2024,      646901601,6469,16,1,0,1,2,1,6
2024,      647100801,6471,8,1,0,6,2,1,4
2024,      647413201,6474,132,1,0,5,2,1,5
2024,      647702501,6477,25,1,0,6,1,1,3
2024,      647702501,6477,25,1,0,8,2,2,6
2024,      647804401,6478,44,1,0,11,2,1,3
2024,      648005001,6480,50,1,0,6,2,1,6
2024,      648110901,6481,109,1,0,5,2,1,2
2024,      648112201,6481,122,1,1,6,2,1,4
2024,      648204601,6482,46,1,1,10,2,1,5
2024,      648307501,6483,75,1,0,5,2,1,4
2024,      648309701,6483,97,1,0,3,2,1,7
2024,      648400601,6484,6,1,0,5,1,1,3
2024,      648400601,6484,6,1,0,5,2,2,5
2024,      705705001,7057,50,1,0,2,2,1,10
